계획번호,로케이션,작업자,전산수량,SBC실물,판정,시작시간,완료시간,작업상태
P733001,182-4B1S-05-501,W03,9,9,정상,2026-03-16 08:00:03,2026-03-16 08:01:01,정상
P733001,182-4B1S-11-402,W02,17,17,정상,2026-03-16 08:01:08,2026-03-16 08:02:17,정상
P733001,182-4A1S-22-505,W01,27,27,정상,2026-03-16 08:02:23,2026-03-16 08:04:16,정상
P733001,182-4C1S-03-605,W08,28,28,정상,2026-03-16 08:04:21,2026-03-16 08:05:55,정상
P733001,182-4B1S-06-404,W06,27,27,정상,2026-03-16 08:06:01,2026-03-16 08:08:05,정상
P733001,182-4B1S-17-501,W10,30,30,정상,2026-03-16 08:08:08,2026-03-16 08:10:04,정상
P733001,182-4B1S-19-102,W10,5,5,정상,2026-03-16 08:10:11,2026-03-16 08:15:10,지연(의심)
P733001,182-4A1S-27-304,W07,21,21,정상,2026-03-16 08:15:20,2026-03-16 08:17:11,정상
P733001,182-4C1S-23-604,W08,28,28,정상,2026-03-16 08:17:19,2026-03-16 08:21:45,지연(의심)
P733001,182-4A1S-02-502,W07,23,23,정상,2026-03-16 08:21:49,2026-03-16 08:23:18,정상
P733001,182-4B1S-06-405,W09,13,13,정상,2026-03-16 08:23:24,2026-03-16 08:24:35,정상
P733001,182-4A1S-01-506,W05,23,23,정상,2026-03-16 08:24:44,2026-03-16 08:26:29,정상
P733001,182-4C1S-20-204,W04,11,11,정상,2026-03-16 08:26:31,2026-03-16 08:27:44,정상
P733001,182-4B1S-08-603,W07,10,10,정상,2026-03-16 08:27:53,2026-03-16 08:28:57,정상
P733001,182-4C1S-04-601,W03,6,6,정상,2026-03-16 08:29:01,2026-03-16 08:29:53,정상
P733001,182-4C1S-07-601,W02,21,21,정상,2026-03-16 08:37:48,2026-03-16 08:39:10,정상
P733001,182-4A1S-20-404,W03,17,17,정상,2026-03-16 08:39:15,2026-03-16 08:40:25,정상
P733001,182-4A1S-11-603,W04,8,8,정상,2026-03-16 08:40:34,2026-03-16 08:41:17,정상
P733001,182-4C1S-26-606,W08,28,28,정상,2026-03-16 08:41:20,2026-03-16 08:43:29,정상
P733001,182-4B1S-19-402,W03,30,30,정상,2026-03-16 08:43:31,2026-03-16 08:45:48,정상
P733001,182-4C1S-28-605,W07,15,14,불일치,2026-03-16 08:45:57,2026-03-16 08:47:04,정상
P733001,182-4A1S-01-606,W07,30,30,정상,2026-03-16 08:47:07,2026-03-16 08:49:17,정상
P733001,182-4B1S-18-305,W07,23,23,정상,2026-03-16 08:49:21,2026-03-16 08:51:11,정상
P733001,182-4A1S-23-401,W02,16,16,정상,2026-03-16 08:51:16,2026-03-16 08:52:26,정상
P733001,182-4A1S-24-305,W04,11,11,정상,2026-03-16 08:52:33,2026-03-16 08:53:35,정상
P733001,182-4B1S-03-306,W03,17,17,정상,2026-03-16 08:53:43,2026-03-16 08:55:11,정상
P733001,182-4A1S-30-602,W06,21,21,정상,2026-03-16 08:55:17,2026-03-16 08:56:35,정상
P733001,182-4C1S-09-105,W08,11,11,정상,2026-03-16 08:56:45,2026-03-16 08:57:46,정상
P733001,182-4B1S-22-601,W06,27,27,정상,2026-03-16 08:57:49,2026-03-16 08:59:27,정상
P733001,182-4B1S-11-301,W02,8,8,정상,2026-03-16 08:59:30,2026-03-16 09:04:10,지연(의심)
P733001,182-4A1S-13-606,W05,20,20,정상,2026-03-16 09:04:12,2026-03-16 09:05:34,정상
P733001,182-4A1S-28-406,W08,20,20,정상,2026-03-16 09:11:43,2026-03-16 09:12:58,정상
P733001,182-4A1S-10-604,W01,20,19,불일치,2026-03-16 09:13:05,2026-03-16 09:14:32,정상
P733001,182-4C1S-30-406,W03,15,15,정상,2026-03-16 09:14:36,2026-03-16 09:16:00,정상
P733001,182-4B1S-22-201,W04,16,16,정상,2026-03-16 09:16:04,2026-03-16 09:17:09,정상
P733001,182-4B1S-19-405,W06,29,29,정상,2026-03-16 09:17:16,2026-03-16 09:19:35,정상
P733001,182-4B1S-13-405,W10,15,15,정상,2026-03-16 09:19:37,2026-03-16 09:20:54,정상
P733001,182-4A1S-17-405,W10,19,19,정상,2026-03-16 09:21:00,2026-03-16 09:22:21,정상
P733001,182-4A1S-10-206,W07,23,22,불일치,2026-03-16 09:22:31,2026-03-16 09:23:53,정상
P733001,182-4C1S-03-303,W01,12,12,정상,2026-03-16 09:24:00,2026-03-16 09:28:15,지연(의심)
P733001,182-4A1S-10-403,W04,29,29,정상,2026-03-16 09:28:24,2026-03-16 09:30:05,정상
P733001,182-4C1S-13-501,W07,19,19,정상,2026-03-16 09:30:13,2026-03-16 09:31:32,정상
P733001,182-4A1S-28-602,W08,7,7,정상,2026-03-16 09:31:36,2026-03-16 09:32:33,정상
P733001,182-4A1S-21-605,W05,22,21,불일치,2026-03-16 09:32:35,2026-03-16 09:34:13,정상
P733001,182-4B1S-04-106,W07,18,18,정상,2026-03-16 09:34:21,2026-03-16 09:35:59,정상
P733001,182-4A1S-22-102,W05,22,22,정상,2026-03-16 09:36:06,2026-03-16 09:37:51,정상
P733001,182-4A1S-08-302,W03,5,5,정상,2026-03-16 09:37:59,2026-03-16 09:38:49,정상
P733001,182-4B1S-17-604,W06,13,13,정상,2026-03-16 09:38:55,2026-03-16 09:39:56,정상
P733001,182-4B1S-30-103,W04,6,6,정상,2026-03-16 09:40:05,2026-03-16 09:40:53,정상
P733001,182-4C1S-17-305,W10,16,16,정상,2026-03-16 09:40:55,2026-03-16 09:42:17,정상
P733001,182-4A1S-28-402,W08,30,30,정상,2026-03-16 09:42:26,2026-03-16 09:44:22,정상
P733001,182-4C1S-08-303,W10,19,19,정상,2026-03-16 09:44:26,2026-03-16 09:45:42,정상
P733001,182-4C1S-23-603,W01,27,27,정상,2026-03-16 09:45:44,2026-03-16 09:47:29,정상
P733001,182-4A1S-31-202,W01,23,23,정상,2026-03-16 09:47:35,2026-03-16 09:49:22,정상
P733001,182-4C1S-05-301,W02,30,30,정상,2026-03-16 09:49:29,2026-03-16 09:51:24,정상
P733001,182-4A1S-04-404,W10,7,7,정상,2026-03-16 09:51:31,2026-03-16 09:52:21,정상
P733001,182-4B1S-21-401,W02,7,7,정상,2026-03-16 09:52:29,2026-03-16 09:53:27,정상
P733001,182-4B1S-24-103,W09,15,15,정상,2026-03-16 09:53:35,2026-03-16 09:54:44,정상
P733001,182-4C1S-30-206,W08,14,14,정상,2026-03-16 09:54:50,2026-03-16 09:55:48,정상
P733001,182-4C1S-30-301,W03,27,27,정상,2026-03-16 09:55:55,2026-03-16 09:57:31,정상
P733001,182-4A1S-02-604,W09,30,30,정상,2026-03-16 09:57:36,2026-03-16 09:59:18,정상
P733001,182-4C1S-11-106,W04,24,24,정상,2026-03-16 09:59:26,2026-03-16 10:00:53,정상
P733001,182-4A1S-27-602,W07,8,8,정상,2026-03-16 10:00:58,2026-03-16 10:01:56,정상
P733001,182-4A1S-01-205,W10,26,26,정상,2026-03-16 10:02:06,2026-03-16 10:04:01,정상
P733001,182-4C1S-01-401,W02,30,30,정상,2026-03-16 10:04:07,2026-03-16 10:05:47,정상
P733001,182-4B1S-15-301,W03,10,10,정상,2026-03-16 10:05:55,2026-03-16 10:06:53,정상
P733001,182-4A1S-07-401,W10,26,26,정상,2026-03-16 10:07:00,2026-03-16 10:08:32,정상
P733001,182-4A1S-07-404,W02,15,15,정상,2026-03-16 10:08:34,2026-03-16 10:09:40,정상
P733001,182-4C1S-30-101,W09,22,22,정상,2026-03-16 10:09:49,2026-03-16 10:11:32,정상
P733001,182-4C1S-10-303,W09,19,19,정상,2026-03-16 10:11:39,2026-03-16 10:12:50,정상
P733001,182-4B1S-11-304,W03,12,12,정상,2026-03-16 10:12:56,2026-03-16 10:14:07,정상
P733001,182-4B1S-16-401,W08,28,28,정상,2026-03-16 10:14:09,2026-03-16 10:16:22,정상
P733001,182-4C1S-24-103,W06,16,16,정상,2026-03-16 10:16:31,2026-03-16 10:17:38,정상
P733001,182-4A1S-25-505,W04,22,22,정상,2026-03-16 10:17:41,2026-03-16 10:19:20,정상
P733001,182-4A1S-06-404,W09,21,21,정상,2026-03-16 10:19:26,2026-03-16 10:20:53,정상
P733002,182-4B1S-25-502,W03,21,21,정상,2026-03-16 10:20:57,2026-03-16 10:22:41,정상
P733002,182-4B1S-11-401,W06,18,18,정상,2026-03-16 10:22:44,2026-03-16 10:24:05,정상
P733002,182-4A1S-15-405,W03,13,13,정상,2026-03-16 10:24:12,2026-03-16 10:28:44,지연(의심)
P733002,182-4A1S-18-606,W01,27,27,정상,2026-03-16 10:28:47,2026-03-16 10:30:57,정상
P733002,182-4A1S-25-203,W04,21,21,정상,2026-03-16 10:31:04,2026-03-16 10:32:44,정상
P733002,182-4C1S-25-204,W02,23,23,정상,2026-03-16 10:32:48,2026-03-16 10:34:11,정상
P733002,182-4B1S-23-105,W05,16,16,정상,2026-03-16 10:34:21,2026-03-16 10:35:53,정상
P733002,182-4C1S-01-102,W04,26,26,정상,2026-03-16 10:36:03,2026-03-16 10:37:46,정상
P733002,182-4B1S-06-305,W07,19,19,정상,2026-03-16 10:37:51,2026-03-16 10:39:26,정상
P733002,182-4C1S-08-106,W02,13,13,정상,2026-03-16 10:39:30,2026-03-16 10:40:51,정상
P733002,182-4B1S-10-601,W08,23,23,정상,2026-03-16 10:41:00,2026-03-16 10:42:49,정상
P733002,182-4B1S-16-105,W02,12,12,정상,2026-03-16 10:42:56,2026-03-16 10:44:01,정상
P733002,182-4C1S-02-402,W04,7,7,정상,2026-03-16 10:44:09,2026-03-16 10:45:05,정상
P733002,182-4B1S-28-102,W02,10,10,정상,2026-03-16 10:45:07,2026-03-16 10:46:04,정상
P733002,182-4C1S-30-202,W05,5,5,정상,2026-03-16 10:46:08,2026-03-16 10:46:51,정상
P733002,182-4C1S-22-505,W08,23,23,정상,2026-03-16 10:46:53,2026-03-16 10:48:36,정상
P733002,182-4C1S-29-202,W10,19,19,정상,2026-03-16 10:48:45,2026-03-16 10:50:23,정상
P733002,182-4B1S-02-604,W06,8,7,불일치,2026-03-16 10:50:31,2026-03-16 10:51:20,정상
P733002,182-4C1S-20-602,W03,24,24,정상,2026-03-16 10:51:29,2026-03-16 10:53:27,정상
P733002,182-4B1S-25-401,W09,18,18,정상,2026-03-16 10:53:36,2026-03-16 10:54:52,정상
P733002,182-4C1S-13-306,W02,21,21,정상,2026-03-16 10:55:00,2026-03-16 10:56:17,정상
P733002,182-4C1S-14-304,W02,23,23,정상,2026-03-16 10:56:24,2026-03-16 10:58:10,정상
P733002,182-4B1S-27-106,W08,27,27,정상,2026-03-16 10:58:20,2026-03-16 11:00:32,정상
P733002,182-4A1S-03-404,W07,21,20,불일치,2026-03-16 11:00:41,2026-03-16 11:02:12,정상
P733002,182-4B1S-22-105,W05,18,18,정상,2026-03-16 11:02:14,2026-03-16 11:03:37,정상
P733002,182-4C1S-19-303,W05,13,13,정상,2026-03-16 11:03:39,2026-03-16 11:04:48,정상
P733002,182-4B1S-01-102,W07,11,11,정상,2026-03-16 11:04:58,2026-03-16 11:06:03,정상
P733002,182-4A1S-08-201,W03,10,10,정상,2026-03-16 11:06:12,2026-03-16 11:07:01,정상
P733002,182-4B1S-08-202,W04,8,8,정상,2026-03-16 11:07:06,2026-03-16 11:07:59,정상
P733002,182-4B1S-09-502,W08,29,29,정상,2026-03-16 11:08:03,2026-03-16 11:10:08,정상
P733002,182-4A1S-11-304,W04,28,28,정상,2026-03-16 11:10:13,2026-03-16 11:11:51,정상
P733002,182-4A1S-07-405,W01,6,6,정상,2026-03-16 11:12:01,2026-03-16 11:12:50,정상
P733002,182-4A1S-19-303,W02,28,28,정상,2026-03-16 11:13:00,2026-03-16 11:14:37,정상
P733002,182-4B1S-01-401,W09,19,19,정상,2026-03-16 11:14:46,2026-03-16 11:16:14,정상
P733002,182-4A1S-22-303,W05,11,11,정상,2026-03-16 11:16:18,2026-03-16 11:17:17,정상
P733002,182-4C1S-06-101,W03,28,28,정상,2026-03-16 11:17:19,2026-03-16 11:19:23,정상
P733002,182-4A1S-26-204,W04,8,8,정상,2026-03-16 11:19:29,2026-03-16 11:20:23,정상
P733002,182-4A1S-09-504,W03,26,26,정상,2026-03-16 11:20:26,2026-03-16 11:22:07,정상
P733002,182-4C1S-28-104,W02,6,6,정상,2026-03-16 11:22:16,2026-03-16 11:23:09,정상
P733002,182-4C1S-15-104,W06,11,11,정상,2026-03-16 11:23:18,2026-03-16 11:24:20,정상
P733002,182-4B1S-30-602,W08,9,9,정상,2026-03-16 11:24:26,2026-03-16 11:25:24,정상
P733002,182-4B1S-21-404,W07,29,28,불일치,2026-03-16 11:25:30,2026-03-16 11:27:37,정상
P733002,182-4C1S-30-302,W07,29,29,정상,2026-03-16 11:27:41,2026-03-16 11:29:31,정상
P733002,182-4C1S-14-306,W07,7,7,정상,2026-03-16 11:29:39,2026-03-16 11:30:38,정상
P733002,182-4B1S-21-501,W06,24,24,정상,2026-03-16 11:30:42,2026-03-16 11:32:29,정상
P733002,182-4B1S-29-305,W04,9,9,정상,2026-03-16 11:32:31,2026-03-16 11:33:38,정상
P733002,182-4B1S-31-502,W05,17,17,정상,2026-03-16 11:33:44,2026-03-16 11:34:52,정상
P733002,182-4B1S-21-306,W02,7,7,정상,2026-03-16 11:35:00,2026-03-16 11:35:47,정상
P733002,182-4C1S-27-204,W04,24,24,정상,2026-03-16 11:35:52,2026-03-16 11:37:25,정상
P733002,182-4A1S-19-402,W02,20,20,정상,2026-03-16 11:37:29,2026-03-16 11:38:43,정상
P733002,182-4B1S-05-506,W06,6,6,정상,2026-03-16 11:38:45,2026-03-16 11:39:36,정상
P733002,182-4C1S-07-402,W03,14,14,정상,2026-03-16 11:39:44,2026-03-16 11:40:53,정상
P733002,182-4C1S-16-405,W05,24,24,정상,2026-03-16 11:40:55,2026-03-16 11:42:23,정상
P733002,182-4B1S-17-504,W04,24,24,정상,2026-03-16 11:42:29,2026-03-16 11:44:28,정상
P733002,182-4B1S-02-104,W09,29,29,정상,2026-03-16 11:44:32,2026-03-16 11:46:17,정상
P733002,182-4B1S-04-605,W06,10,10,정상,2026-03-16 11:46:27,2026-03-16 11:47:29,정상
P733002,182-4B1S-06-606,W06,19,19,정상,2026-03-16 11:47:35,2026-03-16 11:48:47,정상
P733002,182-4B1S-06-102,W05,22,22,정상,2026-03-16 11:48:50,2026-03-16 11:50:27,정상
P733002,182-4C1S-12-106,W07,15,15,정상,2026-03-16 11:50:31,2026-03-16 11:51:41,정상
P733002,182-4C1S-12-606,W01,16,16,정상,2026-03-16 11:51:51,2026-03-16 11:53:03,정상
P733002,182-4B1S-24-204,W03,29,29,정상,2026-03-16 11:53:11,2026-03-16 11:55:03,정상
P733002,182-4C1S-05-204,W02,14,14,정상,2026-03-16 11:55:07,2026-03-16 11:56:17,정상
P733002,182-4B1S-03-305,W07,24,24,정상,2026-03-16 11:56:20,2026-03-16 11:58:03,정상
P733002,182-4C1S-02-401,W02,28,28,정상,2026-03-16 11:58:12,2026-03-16 12:00:07,정상
P733002,182-4B1S-06-305,W02,24,24,정상,2026-03-16 12:00:17,2026-03-16 12:02:13,정상
P733002,182-4B1S-07-104,W04,16,16,정상,2026-03-16 12:02:20,2026-03-16 12:03:46,정상
P733002,182-4B1S-17-405,W07,25,25,정상,2026-03-16 12:03:55,2026-03-16 12:05:35,정상
P733002,182-4C1S-06-101,W04,22,22,정상,2026-03-16 12:05:41,2026-03-16 12:07:28,정상
P733002,182-4C1S-30-103,W01,26,26,정상,2026-03-16 12:07:36,2026-03-16 12:09:17,정상
P733002,182-4C1S-10-601,W09,22,22,정상,2026-03-16 12:09:19,2026-03-16 12:10:48,정상
P733002,182-4C1S-02-204,W10,7,7,정상,2026-03-16 12:10:56,2026-03-16 12:11:39,정상
P733002,182-4B1S-04-503,W08,7,7,정상,2026-03-16 12:11:46,2026-03-16 12:12:38,정상
P733002,182-4C1S-18-601,W01,25,24,불일치,2026-03-16 12:12:47,2026-03-16 12:14:45,정상
P733002,182-4A1S-30-605,W02,29,29,정상,2026-03-16 12:14:54,2026-03-16 12:17:12,정상
P733002,182-4A1S-27-502,W04,19,19,정상,2026-03-16 12:17:22,2026-03-16 12:18:36,정상
P733002,182-4A1S-20-403,W07,25,25,정상,2026-03-16 12:18:38,2026-03-16 12:20:04,정상
P733002,182-4B1S-05-205,W04,5,5,정상,2026-03-16 12:20:11,2026-03-16 12:21:01,정상
P733002,182-4C1S-19-506,W10,5,5,정상,2026-03-16 12:21:07,2026-03-16 12:21:53,정상
P733002,182-4B1S-04-102,W05,20,20,정상,2026-03-16 12:21:59,2026-03-16 12:23:42,정상
P733002,182-4A1S-12-304,W03,16,16,정상,2026-03-16 12:23:45,2026-03-16 12:27:51,지연(의심)
P733002,182-4C1S-04-202,W04,24,24,정상,2026-03-16 12:27:56,2026-03-16 12:29:37,정상
P733002,182-4A1S-30-305,W06,25,25,정상,2026-03-16 12:29:47,2026-03-16 12:34:24,지연(의심)
P733002,182-4A1S-16-402,W02,13,13,정상,2026-03-16 12:34:26,2026-03-16 12:35:21,정상
P733002,182-4C1S-14-302,W03,29,29,정상,2026-03-16 12:35:24,2026-03-16 12:37:00,정상
P733002,182-4C1S-06-103,W04,9,9,정상,2026-03-16 12:37:04,2026-03-16 12:37:56,정상
P733002,182-4A1S-06-604,W06,5,5,정상,2026-03-16 12:38:02,2026-03-16 12:38:49,정상
P733002,182-4B1S-22-301,W06,18,18,정상,2026-03-16 12:38:59,2026-03-16 12:40:35,정상
P733002,182-4A1S-12-102,W01,19,19,정상,2026-03-16 12:40:38,2026-03-16 12:42:04,정상
P733002,182-4C1S-24-102,W01,21,21,정상,2026-03-16 12:42:10,2026-03-16 12:43:48,정상
P733002,182-4B1S-28-303,W08,7,7,정상,2026-03-16 12:52:49,2026-03-16 12:53:37,정상
P733002,182-4B1S-06-604,W03,23,23,정상,2026-03-16 12:58:51,2026-03-16 13:00:44,정상
P733002,182-4C1S-26-306,W01,5,5,정상,2026-03-16 13:00:47,2026-03-16 13:01:34,정상
P733002,182-4C1S-08-506,W01,27,27,정상,2026-03-16 13:01:38,2026-03-16 13:03:23,정상
P733002,182-4A1S-21-506,W05,17,17,정상,2026-03-16 13:03:25,2026-03-16 13:04:57,정상
P733002,182-4C1S-27-205,W08,22,22,정상,2026-03-16 13:05:04,2026-03-16 13:06:33,정상
P733002,182-4B1S-25-602,W02,27,26,불일치,2026-03-16 13:06:42,2026-03-16 13:08:13,정상
P733002,182-4A1S-17-204,W09,21,21,정상,2026-03-16 13:08:18,2026-03-16 13:09:47,정상
P733002,182-4C1S-17-305,W10,10,10,정상,2026-03-16 13:09:52,2026-03-16 13:10:44,정상
P733003,182-4C1S-16-501,W10,10,10,정상,2026-03-16 13:10:48,2026-03-16 13:12:00,정상
P733003,182-4A1S-27-605,W07,18,18,정상,2026-03-16 13:12:07,2026-03-16 13:13:33,정상
P733003,182-4B1S-13-304,W04,18,18,정상,2026-03-16 13:13:41,2026-03-16 13:14:50,정상
P733003,182-4B1S-19-502,W01,14,14,정상,2026-03-16 13:14:53,2026-03-16 13:16:18,정상
P733003,182-4A1S-30-203,W10,5,5,정상,2026-03-16 13:16:26,2026-03-16 13:17:11,정상
P733003,182-4C1S-10-103,W09,17,17,정상,2026-03-16 13:17:19,2026-03-16 13:18:36,정상
P733003,182-4A1S-13-105,W01,16,16,정상,2026-03-16 13:18:39,2026-03-16 13:20:05,정상
P733003,182-4B1S-25-202,W09,11,11,정상,2026-03-16 13:20:07,2026-03-16 13:21:22,정상
P733003,182-4B1S-20-501,W05,17,17,정상,2026-03-16 13:21:29,2026-03-16 13:23:07,정상
P733003,182-4A1S-16-604,W04,7,8,불일치,2026-03-16 13:23:15,2026-03-16 13:24:14,정상
P733003,182-4B1S-25-106,W06,11,11,정상,2026-03-16 13:24:16,2026-03-16 13:25:13,정상
P733003,182-4B1S-16-202,W04,18,18,정상,2026-03-16 13:25:20,2026-03-16 13:26:35,정상
P733003,182-4A1S-16-103,W10,20,20,정상,2026-03-16 13:26:44,2026-03-16 13:27:58,정상
P733003,182-4A1S-12-304,W09,13,13,정상,2026-03-16 13:28:02,2026-03-16 13:29:06,정상
P733003,182-4C1S-28-104,W05,17,17,정상,2026-03-16 13:29:13,2026-03-16 13:30:24,정상
P733003,182-4C1S-04-101,W02,28,28,정상,2026-03-16 13:30:27,2026-03-16 13:32:06,정상
P733003,182-4C1S-10-505,W08,15,15,정상,2026-03-16 13:32:14,2026-03-16 13:33:41,정상
P733003,182-4A1S-21-105,W01,11,11,정상,2026-03-16 13:33:47,2026-03-16 13:34:38,정상
P733003,182-4C1S-09-302,W03,7,7,정상,2026-03-16 13:34:44,2026-03-16 13:35:25,정상
P733003,182-4A1S-15-502,W02,6,6,정상,2026-03-16 13:35:31,2026-03-16 13:36:14,정상
P733003,182-4C1S-31-106,W09,10,10,정상,2026-03-16 13:36:18,2026-03-16 13:37:25,정상
P733003,182-4A1S-24-305,W03,28,28,정상,2026-03-16 13:37:34,2026-03-16 13:42:51,지연(의심)
P733003,182-4B1S-27-503,W08,29,29,정상,2026-03-16 13:42:53,2026-03-16 13:44:47,정상
P733003,182-4A1S-31-106,W05,20,20,정상,2026-03-16 13:44:54,2026-03-16 13:46:36,정상
P733003,182-4B1S-22-201,W07,12,13,불일치,2026-03-16 13:46:46,2026-03-16 13:47:55,정상
P733003,182-4B1S-28-306,W05,10,10,정상,2026-03-16 13:47:57,2026-03-16 13:48:55,정상
P733003,182-4A1S-24-305,W10,24,24,정상,2026-03-16 13:48:57,2026-03-16 13:50:39,정상
P733003,182-4A1S-24-403,W03,12,12,정상,2026-03-16 13:50:43,2026-03-16 13:51:52,정상
P733003,182-4C1S-03-606,W03,26,27,불일치,2026-03-16 13:51:57,2026-03-16 13:54:01,정상
P733003,182-4C1S-08-503,W03,9,9,정상,2026-03-16 13:54:03,2026-03-16 13:55:06,정상
P733003,182-4B1S-10-403,W01,28,28,정상,2026-03-16 13:55:14,2026-03-16 13:56:58,정상
P733003,182-4C1S-15-502,W03,25,25,정상,2026-03-16 13:57:04,2026-03-16 13:58:52,정상
P733003,182-4A1S-14-501,W07,22,22,정상,2026-03-16 13:59:01,2026-03-16 14:00:38,정상
P733003,182-4C1S-13-305,W05,21,21,정상,2026-03-16 14:00:44,2026-03-16 14:02:16,정상
P733003,182-4A1S-05-202,W03,25,25,정상,2026-03-16 14:02:19,2026-03-16 14:03:55,정상
P733003,182-4A1S-10-305,W03,21,21,정상,2026-03-16 14:04:01,2026-03-16 14:05:31,정상
P733003,182-4B1S-07-105,W02,21,21,정상,2026-03-16 14:05:41,2026-03-16 14:07:30,정상
P733003,182-4C1S-28-601,W06,10,11,불일치,2026-03-16 14:07:40,2026-03-16 14:08:48,정상
P733003,182-4A1S-07-502,W06,20,20,정상,2026-03-16 14:08:55,2026-03-16 14:10:28,정상
P733003,182-4A1S-03-103,W05,15,15,정상,2026-03-16 14:10:35,2026-03-16 14:11:50,정상
P733003,182-4A1S-09-205,W07,24,24,정상,2026-03-16 14:11:59,2026-03-16 14:13:42,정상
P733003,182-4C1S-23-602,W01,7,6,불일치,2026-03-16 14:13:51,2026-03-16 14:14:48,정상
P733003,182-4C1S-31-505,W04,14,14,정상,2026-03-16 14:14:57,2026-03-16 14:16:15,정상
P733003,182-4C1S-21-406,W06,13,13,정상,2026-03-16 14:16:24,2026-03-16 14:17:27,정상
P733003,182-4C1S-01-305,W05,25,25,정상,2026-03-16 14:17:31,2026-03-16 14:19:06,정상
P733003,182-4C1S-29-303,W03,9,9,정상,2026-03-16 14:19:12,2026-03-16 14:20:16,정상
P733003,182-4B1S-16-104,W04,19,19,정상,2026-03-16 14:20:24,2026-03-16 14:22:03,정상
P733003,182-4C1S-29-406,W05,15,15,정상,2026-03-16 14:22:05,2026-03-16 14:23:06,정상
P733003,182-4A1S-27-503,W07,28,27,불일치,2026-03-16 14:23:13,2026-03-16 14:28:28,지연(의심)
P733003,182-4B1S-02-205,W07,21,21,정상,2026-03-16 14:28:36,2026-03-16 14:33:01,지연(의심)
P733003,182-4B1S-07-504,W03,13,13,정상,2026-03-16 14:33:06,2026-03-16 14:34:04,정상
P733003,182-4B1S-19-505,W05,26,26,정상,2026-03-16 14:34:06,2026-03-16 14:35:42,정상
P733003,182-4B1S-04-306,W05,24,24,정상,2026-03-16 14:35:47,2026-03-16 14:37:34,정상
P733003,182-4B1S-02-202,W01,20,20,정상,2026-03-16 14:37:43,2026-03-16 14:39:21,정상
P733003,182-4B1S-23-504,W03,28,28,정상,2026-03-16 14:39:26,2026-03-16 14:40:59,정상
P733003,182-4C1S-30-104,W03,12,12,정상,2026-03-16 14:41:09,2026-03-16 14:42:13,정상
P733003,182-4C1S-18-604,W09,19,18,불일치,2026-03-16 14:42:15,2026-03-16 14:43:31,정상
P733003,182-4C1S-12-604,W08,24,24,정상,2026-03-16 14:43:40,2026-03-16 14:45:17,정상
P733003,182-4C1S-07-601,W09,7,7,정상,2026-03-16 14:45:26,2026-03-16 14:46:13,정상
P733003,182-4B1S-15-606,W02,27,27,정상,2026-03-16 14:46:15,2026-03-16 14:51:43,지연(의심)
P733003,182-4A1S-11-501,W10,14,14,정상,2026-03-16 14:51:46,2026-03-16 14:53:02,정상
P733003,182-4B1S-15-302,W04,27,27,정상,2026-03-16 14:53:10,2026-03-16 14:54:40,정상
P733003,182-4B1S-17-403,W04,17,17,정상,2026-03-16 14:54:44,2026-03-16 14:56:02,정상
P733003,182-4B1S-02-105,W08,30,30,정상,2026-03-16 14:56:09,2026-03-16 14:57:55,정상
P733003,182-4A1S-09-305,W02,20,20,정상,2026-03-16 14:57:57,2026-03-16 14:59:28,정상
P733003,182-4B1S-14-101,W02,11,11,정상,2026-03-16 14:59:37,2026-03-16 15:00:40,정상
P733003,182-4C1S-09-402,W04,11,11,정상,2026-03-16 15:00:50,2026-03-16 15:01:55,정상
P733003,182-4C1S-15-602,W09,6,6,정상,2026-03-16 15:02:05,2026-03-16 15:02:48,정상
P733003,182-4C1S-06-103,W08,20,20,정상,2026-03-16 15:02:54,2026-03-16 15:04:37,정상
P733003,182-4A1S-12-306,W03,21,21,정상,2026-03-16 15:04:40,2026-03-16 15:06:01,정상
P733003,182-4C1S-18-204,W06,23,23,정상,2026-03-16 15:06:07,2026-03-16 15:07:57,정상
P733003,182-4C1S-23-503,W10,28,28,정상,2026-03-16 15:08:06,2026-03-16 15:12:10,지연(의심)
P733003,182-4C1S-19-503,W01,28,28,정상,2026-03-16 15:12:19,2026-03-16 15:14:30,정상
P733003,182-4A1S-24-201,W08,9,9,정상,2026-03-16 15:14:36,2026-03-16 15:15:28,정상
P733003,182-4B1S-12-603,W06,14,14,정상,2026-03-16 15:15:33,2026-03-16 15:16:34,정상
P733003,182-4C1S-31-406,W10,25,25,정상,2026-03-16 15:16:39,2026-03-16 15:18:19,정상
P733003,182-4B1S-17-203,W02,23,23,정상,2026-03-16 15:18:23,2026-03-16 15:19:48,정상
P733003,182-4A1S-31-403,W10,29,29,정상,2026-03-16 15:19:52,2026-03-16 15:21:38,정상
P733003,182-4C1S-25-601,W08,14,14,정상,2026-03-16 15:21:40,2026-03-16 15:22:38,정상
P733003,182-4A1S-20-404,W01,25,25,정상,2026-03-16 15:22:44,2026-03-16 15:24:46,정상
P733003,182-4C1S-01-406,W09,18,18,정상,2026-03-16 15:24:54,2026-03-16 15:26:24,정상
P733003,182-4B1S-01-203,W05,14,14,정상,2026-03-16 15:26:34,2026-03-16 15:27:35,정상
P733003,182-4B1S-31-106,W08,26,26,정상,2026-03-16 15:27:38,2026-03-16 15:29:16,정상
P733003,182-4B1S-26-305,W01,9,9,정상,2026-03-16 15:29:21,2026-03-16 15:33:33,지연(의심)
P733003,182-4B1S-11-401,W01,17,17,정상,2026-03-16 15:33:39,2026-03-16 15:34:52,정상
P733003,182-4A1S-26-302,W07,5,5,정상,2026-03-16 15:35:02,2026-03-16 15:35:53,정상
P733003,182-4A1S-14-301,W06,10,10,정상,2026-03-16 15:36:01,2026-03-16 15:37:04,정상
P733003,182-4C1S-08-605,W04,16,17,불일치,2026-03-16 15:37:09,2026-03-16 15:38:41,정상
P733003,182-4C1S-14-602,W06,13,13,정상,2026-03-16 15:38:50,2026-03-16 15:40:02,정상
P733003,182-4A1S-06-406,W08,16,16,정상,2026-03-16 15:40:07,2026-03-16 15:41:40,정상
P733003,182-4B1S-21-103,W01,18,18,정상,2026-03-16 15:41:48,2026-03-16 15:43:16,정상
P733003,182-4B1S-25-402,W04,20,20,정상,2026-03-16 15:43:23,2026-03-16 15:44:49,정상
P733003,182-4C1S-19-205,W02,15,15,정상,2026-03-16 15:44:56,2026-03-16 15:46:22,정상
P733003,182-4C1S-01-602,W04,12,12,정상,2026-03-16 15:46:25,2026-03-16 15:47:42,정상
P733003,182-4A1S-14-601,W02,8,8,정상,2026-03-16 15:47:50,2026-03-16 15:48:47,정상
P733003,182-4A1S-25-606,W06,16,16,정상,2026-03-16 15:48:56,2026-03-16 15:50:28,정상
P733003,182-4A1S-26-201,W07,25,25,정상,2026-03-16 15:50:32,2026-03-16 15:52:33,정상
P733003,182-4B1S-04-602,W10,24,24,정상,2026-03-16 15:52:36,2026-03-16 15:54:01,정상
P733003,182-4C1S-22-406,W02,9,9,정상,2026-03-16 15:54:05,2026-03-16 15:59:25,지연(의심)
P733003,182-4B1S-25-404,W08,10,10,정상,2026-03-16 15:59:31,2026-03-16 16:00:37,정상
P733003,182-4B1S-25-206,W02,13,13,정상,2026-03-16 16:00:46,2026-03-16 16:01:51,정상
P733003,182-4B1S-15-604,W08,25,25,정상,2026-03-16 16:01:53,2026-03-16 16:03:33,정상
P733003,182-4C1S-31-206,W07,7,6,불일치,2026-03-16 16:03:39,2026-03-16 16:08:02,지연(의심)
P733003,182-4C1S-14-502,W10,22,22,정상,2026-03-16 16:08:05,2026-03-16 16:09:37,정상
P733003,182-4B1S-03-506,W04,17,17,정상,2026-03-16 16:09:41,2026-03-16 16:11:14,정상
P733003,182-4B1S-20-405,W06,28,28,정상,2026-03-16 16:11:16,2026-03-16 16:13:02,정상
P733003,182-4A1S-21-403,W01,30,30,정상,2026-03-16 16:13:08,2026-03-16 16:15:28,정상
P733003,182-4C1S-20-102,W03,14,14,정상,2026-03-16 16:15:31,2026-03-16 16:16:35,정상
P733003,182-4B1S-24-306,W07,30,29,불일치,2026-03-16 16:16:43,2026-03-16 16:18:48,정상
P733003,182-4B1S-26-502,W01,19,19,정상,2026-03-16 16:18:52,2026-03-16 16:20:03,정상
P733003,182-4A1S-18-605,W01,17,17,정상,2026-03-16 16:20:11,2026-03-16 16:21:20,정상
P733003,182-4C1S-28-603,W09,18,18,정상,2026-03-16 16:21:23,2026-03-16 16:22:52,정상
P733003,182-4B1S-22-501,W05,28,28,정상,2026-03-16 16:23:02,2026-03-16 16:25:10,정상
P733003,182-4A1S-12-606,W05,6,6,정상,2026-03-16 16:25:18,2026-03-16 16:26:00,정상
P733003,182-4A1S-08-604,W04,22,22,정상,2026-03-16 16:26:05,2026-03-16 16:27:35,정상
P733003,182-4A1S-31-503,W09,19,19,정상,2026-03-16 16:37:15,2026-03-16 16:38:48,정상
P733003,182-4C1S-21-405,W03,24,24,정상,2026-03-16 16:38:57,2026-03-16 16:40:57,정상
P733003,182-4A1S-19-604,W04,24,23,불일치,2026-03-16 16:40:59,2026-03-16 16:42:31,정상
P733003,182-4A1S-09-205,W10,11,11,정상,2026-03-16 16:42:41,2026-03-16 16:43:40,정상
P733003,182-4C1S-04-502,W02,13,13,정상,2026-03-16 16:43:48,2026-03-16 16:45:08,정상
P733003,182-4B1S-20-303,W04,14,14,정상,2026-03-16 16:45:12,2026-03-16 16:46:35,정상
P733003,182-4C1S-25-101,W03,15,15,정상,2026-03-16 16:46:40,2026-03-16 16:47:50,정상
P733003,182-4C1S-07-501,W07,16,16,정상,2026-03-16 16:47:53,2026-03-16 16:48:57,정상
P733003,182-4A1S-17-206,W01,22,22,정상,2026-03-16 16:49:02,2026-03-16 16:50:32,정상
P733003,182-4A1S-11-306,W07,16,15,불일치,2026-03-16 16:50:41,2026-03-16 16:51:54,정상
P733003,182-4C1S-07-502,W08,23,23,정상,2026-03-16 16:52:02,2026-03-16 16:53:32,정상
P733003,182-4C1S-31-205,W01,8,8,정상,2026-03-16 16:53:35,2026-03-16 16:54:24,정상
P733003,182-4B1S-07-502,W08,11,11,정상,2026-03-16 16:54:28,2026-03-16 16:55:26,정상
P733003,182-4B1S-06-306,W05,15,15,정상,2026-03-16 16:55:34,2026-03-16 16:56:53,정상
P733003,182-4A1S-05-101,W01,16,16,정상,2026-03-16 16:57:02,2026-03-16 16:58:25,정상
P733003,182-4B1S-04-406,W08,16,16,정상,2026-03-16 16:58:29,2026-03-16 16:59:47,정상
P733003,182-4A1S-27-103,W03,11,11,정상,2026-03-16 16:59:57,2026-03-16 17:01:10,정상
P733003,182-4A1S-12-606,W06,6,6,정상,2026-03-16 17:01:16,2026-03-16 17:02:00,정상
P733003,182-4C1S-25-604,W09,28,28,정상,2026-03-16 17:02:06,2026-03-16 17:04:02,정상
P733003,182-4B1S-29-105,W07,7,7,정상,2026-03-16 17:04:04,2026-03-16 17:04:51,정상
P733003,182-4B1S-05-504,W06,22,22,정상,2026-03-16 17:04:59,2026-03-16 17:06:28,정상
P733003,182-4B1S-28-401,W10,30,30,정상,2026-03-16 17:06:38,2026-03-16 17:08:32,정상
P733003,182-4A1S-05-203,W03,14,14,정상,2026-03-16 17:08:39,2026-03-16 17:13:26,지연(의심)
P733003,182-4A1S-25-402,W04,22,22,정상,2026-03-16 17:13:35,2026-03-16 17:15:03,정상
P733003,182-4A1S-12-405,W06,27,27,정상,2026-03-16 17:24:55,2026-03-16 17:26:57,정상
P733003,182-4B1S-27-306,W03,24,24,정상,2026-03-16 17:26:59,2026-03-16 17:28:45,정상
P733003,182-4B1S-24-106,W08,9,9,정상,2026-03-16 17:28:55,2026-03-16 17:30:01,정상
P733003,182-4B1S-13-602,W04,14,14,정상,2026-03-16 17:30:04,2026-03-16 17:31:25,정상
P733003,182-4B1S-13-404,W05,9,9,정상,2026-03-16 17:31:28,2026-03-16 17:32:27,정상
P733003,182-4C1S-03-502,W01,15,15,정상,2026-03-16 17:32:29,2026-03-16 17:33:42,정상
P733003,182-4A1S-16-601,W03,11,11,정상,2026-03-16 17:33:45,2026-03-16 17:34:38,정상
P733003,182-4C1S-11-305,W06,28,28,정상,2026-03-16 17:34:47,2026-03-16 17:36:36,정상
P733003,182-4A1S-02-102,W03,23,23,정상,2026-03-16 17:36:45,2026-03-16 17:38:38,정상
P733003,182-4B1S-01-106,W06,26,26,정상,2026-03-16 17:38:48,2026-03-16 17:40:42,정상
P733003,182-4B1S-15-402,W05,21,21,정상,2026-03-16 17:40:51,2026-03-16 17:42:34,정상
P733003,182-4A1S-23-501,W02,28,28,정상,2026-03-16 17:42:42,2026-03-16 17:44:14,정상
P733003,182-4A1S-16-505,W05,23,23,정상,2026-03-16 17:44:21,2026-03-16 17:45:49,정상
P733003,182-4B1S-01-103,W09,7,7,정상,2026-03-16 17:45:57,2026-03-16 17:46:47,정상
P733003,182-4C1S-16-201,W07,26,26,정상,2026-03-16 17:46:56,2026-03-16 17:48:36,정상
P733003,182-4B1S-07-506,W07,6,6,정상,2026-03-16 17:48:44,2026-03-16 17:49:38,정상
P733003,182-4A1S-22-604,W10,17,17,정상,2026-03-16 17:49:47,2026-03-16 17:51:11,정상
P733003,182-4B1S-16-302,W10,30,30,정상,2026-03-16 17:51:21,2026-03-16 17:53:12,정상
P733003,182-4B1S-12-201,W06,14,14,정상,2026-03-16 17:53:22,2026-03-16 17:54:35,정상
P733003,182-4C1S-27-503,W07,18,18,정상,2026-03-16 17:54:37,2026-03-16 17:56:07,정상
P733003,182-4C1S-08-306,W03,14,14,정상,2026-03-16 17:56:11,2026-03-16 17:57:26,정상
P733003,182-4B1S-18-504,W03,9,9,정상,2026-03-16 17:57:30,2026-03-16 17:58:32,정상
P733003,182-4C1S-18-305,W09,10,10,정상,2026-03-16 17:58:37,2026-03-16 17:59:41,정상
P733003,182-4B1S-28-605,W10,14,14,정상,2026-03-16 17:59:51,2026-03-16 18:01:02,정상
P733003,182-4B1S-04-602,W06,5,5,정상,2026-03-16 18:01:09,2026-03-16 18:02:03,정상
P733003,182-4A1S-04-202,W01,29,29,정상,2026-03-16 18:02:07,2026-03-16 18:03:47,정상
P733003,182-4A1S-13-101,W06,12,12,정상,2026-03-16 18:03:50,2026-03-16 18:04:56,정상
P733003,182-4C1S-08-604,W10,5,4,불일치,2026-03-16 18:05:01,2026-03-16 18:05:47,정상
P733003,182-4A1S-18-205,W04,19,19,정상,2026-03-16 18:05:53,2026-03-16 18:07:20,정상
P733003,182-4B1S-25-403,W08,13,13,정상,2026-03-16 18:13:39,2026-03-16 18:14:43,정상
P733003,182-4C1S-30-501,W07,24,23,불일치,2026-03-16 18:14:47,2026-03-16 18:16:46,정상
P733003,182-4C1S-07-605,W05,20,21,불일치,2026-03-16 18:16:49,2026-03-16 18:18:35,정상
P733003,182-4B1S-19-102,W02,27,27,정상,2026-03-16 18:18:37,2026-03-16 18:20:13,정상
P733003,182-4A1S-10-502,W07,24,24,정상,2026-03-16 18:29:26,2026-03-16 18:31:25,정상
P733003,182-4B1S-17-606,W05,24,24,정상,2026-03-16 18:31:33,2026-03-16 18:33:33,정상
P733003,182-4B1S-24-104,W10,6,6,정상,2026-03-16 18:33:40,2026-03-16 18:34:19,정상
P733003,182-4A1S-29-305,W08,22,22,정상,2026-03-16 18:34:25,2026-03-16 18:36:08,정상
P733003,182-4B1S-28-604,W07,19,19,정상,2026-03-16 18:36:17,2026-03-16 18:38:00,정상
P733003,182-4C1S-06-106,W06,22,22,정상,2026-03-16 18:38:08,2026-03-16 18:39:53,정상
P733003,182-4A1S-15-101,W06,24,24,정상,2026-03-16 18:39:58,2026-03-16 18:41:39,정상
P733003,182-4A1S-15-302,W05,6,6,정상,2026-03-16 18:41:41,2026-03-16 18:42:36,정상
P733003,182-4B1S-16-301,W03,6,6,정상,2026-03-16 18:42:40,2026-03-16 18:43:35,정상
P733003,182-4B1S-24-201,W08,30,30,정상,2026-03-16 18:43:42,2026-03-16 18:45:42,정상
P733003,182-4A1S-10-106,W10,7,7,정상,2026-03-16 18:45:45,2026-03-16 18:50:01,지연(의심)
P733003,182-4C1S-15-206,W04,5,5,정상,2026-03-16 18:50:06,2026-03-16 18:50:51,정상
P733003,182-4A1S-22-105,W03,17,17,정상,2026-03-16 18:50:53,2026-03-16 18:52:02,정상
P733003,182-4A1S-09-404,W07,11,11,정상,2026-03-16 18:52:04,2026-03-16 18:53:18,정상
P733003,182-4B1S-24-103,W08,17,17,정상,2026-03-16 18:53:22,2026-03-16 18:54:34,정상
P733003,182-4C1S-04-204,W02,16,16,정상,2026-03-16 18:54:37,2026-03-16 18:55:47,정상
P733003,182-4A1S-17-501,W06,14,14,정상,2026-03-16 18:55:50,2026-03-16 18:57:10,정상
P733003,182-4B1S-01-601,W04,17,17,정상,2026-03-16 18:57:18,2026-03-16 18:58:47,정상
P733003,182-4B1S-03-305,W08,24,24,정상,2026-03-16 18:58:57,2026-03-16 19:00:58,정상
P733003,182-4B1S-01-102,W05,11,11,정상,2026-03-16 19:08:30,2026-03-16 19:09:33,정상
P733003,182-4C1S-08-606,W02,19,19,정상,2026-03-16 19:09:41,2026-03-16 19:11:14,정상
P733003,182-4C1S-09-106,W07,22,22,정상,2026-03-16 19:11:18,2026-03-16 19:12:58,정상
P733003,182-4C1S-14-105,W09,15,15,정상,2026-03-16 19:13:03,2026-03-16 19:14:26,정상
P733003,182-4A1S-11-404,W06,21,21,정상,2026-03-16 19:14:34,2026-03-16 19:16:03,정상
P733003,182-4B1S-14-203,W03,26,26,정상,2026-03-16 19:16:12,2026-03-16 19:17:38,정상
P733003,182-4C1S-31-306,W02,19,19,정상,2026-03-16 19:17:47,2026-03-16 19:19:07,정상
P733003,182-4B1S-27-406,W05,29,29,정상,2026-03-16 19:19:16,2026-03-16 19:23:21,지연(의심)
P733003,182-4A1S-01-204,W07,25,25,정상,2026-03-16 19:23:28,2026-03-16 19:27:54,지연(의심)
P733003,182-4C1S-20-603,W07,9,9,정상,2026-03-16 19:27:56,2026-03-16 19:28:59,정상
P733003,182-4C1S-09-205,W05,27,27,정상,2026-03-16 19:29:04,2026-03-16 19:31:04,정상
P733003,182-4A1S-29-201,W05,30,30,정상,2026-03-16 19:31:10,2026-03-16 19:32:57,정상
P733003,182-4B1S-10-402,W10,7,7,정상,2026-03-16 19:33:07,2026-03-16 19:34:01,정상
P733003,182-4C1S-21-102,W06,7,7,정상,2026-03-16 19:34:09,2026-03-16 19:35:00,정상
P733003,182-4C1S-04-505,W10,17,17,정상,2026-03-16 19:35:06,2026-03-16 19:36:13,정상
P733003,182-4B1S-10-601,W05,11,10,불일치,2026-03-16 19:36:23,2026-03-16 19:40:56,지연(의심)
P733003,182-4A1S-15-306,W05,23,23,정상,2026-03-16 19:41:02,2026-03-16 19:42:43,정상
P733003,182-4B1S-11-506,W05,28,28,정상,2026-03-16 19:42:50,2026-03-16 19:44:54,정상
P733003,182-4A1S-14-103,W07,6,6,정상,2026-03-16 19:45:04,2026-03-16 19:45:59,정상
P733003,182-4B1S-06-604,W05,7,7,정상,2026-03-16 19:46:08,2026-03-16 19:46:51,정상
P733004,182-4C1S-18-506,W01,30,30,정상,2026-03-16 19:46:59,2026-03-16 19:48:56,정상
P733004,182-4A1S-10-102,W04,19,19,정상,2026-03-16 19:49:00,2026-03-16 19:50:36,정상
P733004,182-4C1S-04-105,W07,9,9,정상,2026-03-16 19:50:38,2026-03-16 19:51:35,정상
P733004,182-4B1S-15-603,W08,8,8,정상,2026-03-16 19:51:37,2026-03-16 19:55:38,지연(의심)
P733004,182-4A1S-26-103,W03,13,13,정상,2026-03-16 19:55:48,2026-03-16 19:56:58,정상
P733004,182-4B1S-13-602,W07,14,14,정상,2026-03-16 19:57:03,2026-03-16 19:58:29,정상
P733004,182-4C1S-10-301,W04,7,7,정상,2026-03-16 19:58:39,2026-03-16 19:59:35,정상
P733004,182-4A1S-26-405,W07,5,5,정상,2026-03-16 19:59:43,2026-03-16 20:00:27,정상
P733004,182-4C1S-26-201,W09,5,5,정상,2026-03-16 20:00:30,2026-03-16 20:01:18,정상
P733004,182-4A1S-20-204,W08,14,14,정상,2026-03-16 20:01:27,2026-03-16 20:02:45,정상
P733004,182-4C1S-29-206,W02,8,8,정상,2026-03-16 20:02:53,2026-03-16 20:07:18,지연(의심)
P733004,182-4B1S-23-203,W10,13,13,정상,2026-03-16 20:07:24,2026-03-16 20:08:45,정상
P733004,182-4A1S-26-102,W08,10,10,정상,2026-03-16 20:08:55,2026-03-16 20:10:02,정상
P733004,182-4A1S-12-601,W10,21,21,정상,2026-03-16 20:10:06,2026-03-16 20:11:55,정상
P733004,182-4B1S-24-304,W09,13,13,정상,2026-03-16 20:12:05,2026-03-16 20:13:18,정상
P733004,182-4A1S-31-104,W01,27,27,정상,2026-03-16 20:13:22,2026-03-16 20:15:29,정상
P733004,182-4A1S-31-104,W04,6,6,정상,2026-03-16 20:15:35,2026-03-16 20:16:15,정상
P733004,182-4B1S-04-405,W09,19,19,정상,2026-03-16 20:16:23,2026-03-16 20:17:38,정상
P733004,182-4C1S-17-603,W06,18,18,정상,2026-03-16 20:17:44,2026-03-16 20:19:23,정상
P733004,182-4A1S-08-206,W04,23,23,정상,2026-03-16 20:19:27,2026-03-16 20:21:10,정상
P733004,182-4C1S-15-605,W06,6,6,정상,2026-03-16 20:21:17,2026-03-16 20:22:10,정상
P733004,182-4B1S-17-306,W03,11,11,정상,2026-03-16 20:22:16,2026-03-16 20:23:27,정상
P733004,182-4B1S-04-505,W04,9,9,정상,2026-03-16 20:23:34,2026-03-16 20:24:31,정상
P733004,182-4B1S-08-304,W07,23,23,정상,2026-03-16 20:24:35,2026-03-16 20:26:26,정상
P733004,182-4B1S-29-205,W10,29,29,정상,2026-03-16 20:33:59,2026-03-16 20:35:42,정상
P733004,182-4B1S-08-306,W07,11,11,정상,2026-03-16 20:35:44,2026-03-16 20:36:56,정상
P733004,182-4A1S-16-604,W07,10,11,불일치,2026-03-16 20:37:02,2026-03-16 20:38:11,정상
P733004,182-4C1S-14-103,W06,15,15,정상,2026-03-16 20:38:14,2026-03-16 20:39:17,정상
P733004,182-4C1S-14-304,W07,7,7,정상,2026-03-16 20:39:21,2026-03-16 20:40:02,정상
P733004,182-4A1S-04-502,W07,10,10,정상,2026-03-16 20:40:05,2026-03-16 20:40:54,정상
P733004,182-4B1S-10-405,W06,30,30,정상,2026-03-16 20:41:00,2026-03-16 20:43:21,정상
P733004,182-4C1S-06-205,W09,28,28,정상,2026-03-16 20:43:25,2026-03-16 20:45:04,정상
P733004,182-4C1S-10-404,W09,8,8,정상,2026-03-16 20:45:10,2026-03-16 20:45:57,정상
P733004,182-4C1S-22-201,W04,14,14,정상,2026-03-16 20:46:05,2026-03-16 20:47:07,정상
P733004,182-4C1S-19-403,W07,23,22,불일치,2026-03-16 20:47:11,2026-03-16 20:52:34,지연(의심)
P733004,182-4A1S-23-102,W04,14,14,정상,2026-03-16 20:52:41,2026-03-16 20:53:45,정상
P733004,182-4A1S-13-205,W09,21,21,정상,2026-03-16 20:53:48,2026-03-16 20:55:06,정상
P733004,182-4A1S-18-503,W06,18,18,정상,2026-03-16 20:55:10,2026-03-16 20:56:39,정상
P733004,182-4A1S-19-301,W05,11,11,정상,2026-03-16 20:56:43,2026-03-16 20:57:44,정상
P733004,182-4B1S-31-105,W08,25,25,정상,2026-03-16 20:57:54,2026-03-16 20:59:50,정상
P733004,182-4B1S-10-105,W05,18,18,정상,2026-03-16 20:59:53,2026-03-16 21:01:02,정상
P733004,182-4B1S-23-101,W08,27,27,정상,2026-03-16 21:01:12,2026-03-16 21:02:42,정상
P733004,182-4A1S-06-502,W05,24,24,정상,2026-03-16 21:02:50,2026-03-16 21:04:32,정상
P733004,182-4A1S-13-206,W10,13,13,정상,2026-03-16 21:04:35,2026-03-16 21:05:55,정상
P733004,182-4C1S-19-606,W08,19,20,불일치,2026-03-16 21:06:01,2026-03-16 21:07:29,정상
P733004,182-4A1S-14-506,W01,20,20,정상,2026-03-16 21:07:35,2026-03-16 21:08:58,정상
P733004,182-4C1S-28-401,W01,10,10,정상,2026-03-16 21:09:08,2026-03-16 21:09:59,정상
P733004,182-4A1S-21-302,W07,26,26,정상,2026-03-16 21:10:05,2026-03-16 21:11:34,정상
P733004,182-4A1S-15-203,W03,9,9,정상,2026-03-16 21:11:37,2026-03-16 21:12:32,정상
P733004,182-4C1S-17-603,W10,16,15,불일치,2026-03-16 21:12:40,2026-03-16 21:14:09,정상
P733004,182-4A1S-30-302,W05,12,12,정상,2026-03-16 21:14:18,2026-03-16 21:15:32,정상
P733004,182-4B1S-21-301,W10,15,15,정상,2026-03-16 21:15:36,2026-03-16 21:16:47,정상
P733004,182-4C1S-15-505,W03,16,16,정상,2026-03-16 21:16:57,2026-03-16 21:18:29,정상
P733004,182-4B1S-30-204,W08,22,22,정상,2026-03-16 21:18:34,2026-03-16 21:23:01,지연(의심)
P733004,182-4C1S-03-305,W04,5,5,정상,2026-03-16 21:23:09,2026-03-16 21:24:03,정상
P733004,182-4C1S-15-305,W07,19,19,정상,2026-03-16 21:24:09,2026-03-16 21:25:33,정상
P733004,182-4C1S-08-406,W06,18,18,정상,2026-03-16 21:25:41,2026-03-16 21:27:19,정상
P733004,182-4A1S-08-504,W08,29,29,정상,2026-03-16 21:27:22,2026-03-16 21:29:02,정상
P733004,182-4B1S-03-405,W01,29,29,정상,2026-03-16 21:29:07,2026-03-16 21:31:05,정상
P733004,182-4C1S-05-504,W09,14,14,정상,2026-03-16 21:31:11,2026-03-16 21:32:13,정상
P733004,182-4C1S-04-101,W02,5,5,정상,2026-03-16 21:32:19,2026-03-16 21:37:38,지연(의심)
P733004,182-4C1S-06-405,W10,18,18,정상,2026-03-16 21:37:42,2026-03-16 21:39:01,정상
P733004,182-4B1S-20-305,W02,30,30,정상,2026-03-16 21:39:03,2026-03-16 21:41:05,정상
P733004,182-4B1S-25-305,W03,17,17,정상,2026-03-16 21:41:13,2026-03-16 21:42:23,정상
P733005,182-4A1S-03-504,W06,27,27,정상,2026-03-16 21:42:28,2026-03-16 21:44:36,정상
P733005,182-4B1S-25-202,W10,28,28,정상,2026-03-16 21:44:41,2026-03-16 21:46:28,정상
P733005,182-4A1S-10-604,W03,30,30,정상,2026-03-16 21:46:32,2026-03-16 21:48:49,정상
P733005,182-4B1S-02-203,W10,20,20,정상,2026-03-16 21:48:58,2026-03-16 21:50:18,정상
P733005,182-4C1S-28-506,W09,22,22,정상,2026-03-16 21:50:25,2026-03-16 21:52:15,정상
P733005,182-4C1S-23-104,W06,11,11,정상,2026-03-16 21:52:19,2026-03-16 21:53:32,정상
P733005,182-4C1S-13-206,W01,5,5,정상,2026-03-16 21:53:38,2026-03-16 21:54:15,정상
P733005,182-4B1S-10-401,W08,30,30,정상,2026-03-16 21:54:22,2026-03-16 21:56:32,정상
P733005,182-4C1S-28-604,W02,20,20,정상,2026-03-16 21:56:34,2026-03-16 21:57:49,정상
P733005,182-4B1S-22-105,W07,16,17,불일치,2026-03-16 21:57:52,2026-03-16 21:59:22,정상
P733005,182-4A1S-12-104,W10,7,7,정상,2026-03-16 21:59:25,2026-03-16 22:00:17,정상
P733005,182-4B1S-19-104,W07,12,12,정상,2026-03-16 22:00:24,2026-03-16 22:01:29,정상
P733005,182-4A1S-12-602,W07,26,26,정상,2026-03-16 22:01:35,2026-03-16 22:03:06,정상
P733005,182-4A1S-23-503,W04,6,6,정상,2026-03-16 22:03:11,2026-03-16 22:04:01,정상
P733005,182-4B1S-10-106,W05,16,16,정상,2026-03-16 22:04:04,2026-03-16 22:05:21,정상
P733005,182-4B1S-26-604,W10,10,10,정상,2026-03-16 22:05:30,2026-03-16 22:06:32,정상
P733005,182-4C1S-12-406,W09,26,26,정상,2026-03-16 22:06:39,2026-03-16 22:08:19,정상
P733005,182-4B1S-27-205,W05,19,19,정상,2026-03-16 22:08:28,2026-03-16 22:10:10,정상
P733005,182-4C1S-29-205,W10,13,13,정상,2026-03-16 22:10:12,2026-03-16 22:11:24,정상
P733005,182-4B1S-27-205,W02,26,26,정상,2026-03-16 22:11:33,2026-03-16 22:13:12,정상
P733005,182-4B1S-08-503,W04,27,27,정상,2026-03-16 22:13:19,2026-03-16 22:14:57,정상
P733005,182-4C1S-23-405,W08,18,18,정상,2026-03-16 22:15:01,2026-03-16 22:16:36,정상
P733005,182-4B1S-06-504,W10,13,13,정상,2026-03-16 22:16:40,2026-03-16 22:17:55,정상
P733005,182-4A1S-22-406,W01,29,29,정상,2026-03-16 22:18:02,2026-03-16 22:20:03,정상
P733005,182-4C1S-28-206,W09,21,21,정상,2026-03-16 22:20:05,2026-03-16 22:21:25,정상
P733005,182-4A1S-22-103,W06,7,7,정상,2026-03-16 22:21:35,2026-03-16 22:22:22,정상
P733005,182-4A1S-22-302,W07,6,7,불일치,2026-03-16 22:22:30,2026-03-16 22:23:08,정상
P733005,182-4B1S-29-601,W10,25,25,정상,2026-03-16 22:23:12,2026-03-16 22:25:12,정상
P733005,182-4A1S-13-605,W06,26,26,정상,2026-03-16 22:25:22,2026-03-16 22:27:02,정상
P733005,182-4B1S-02-306,W01,28,28,정상,2026-03-16 22:27:09,2026-03-16 22:28:57,정상
P733005,182-4A1S-24-104,W04,23,23,정상,2026-03-16 22:29:02,2026-03-16 22:31:00,정상
P733005,182-4C1S-06-202,W03,20,20,정상,2026-03-16 22:31:08,2026-03-16 22:32:48,정상
P733005,182-4B1S-31-602,W07,8,9,불일치,2026-03-16 22:32:51,2026-03-16 22:33:46,정상
P733005,182-4C1S-29-301,W07,11,11,정상,2026-03-16 22:33:49,2026-03-16 22:34:56,정상
P733005,182-4A1S-20-104,W02,29,29,정상,2026-03-16 22:35:00,2026-03-16 22:37:11,정상
P733005,182-4B1S-25-501,W05,25,25,정상,2026-03-16 22:37:16,2026-03-16 22:38:55,정상
P733005,182-4A1S-23-603,W04,5,5,정상,2026-03-16 22:39:02,2026-03-16 22:39:51,정상
P733005,182-4B1S-25-502,W03,23,23,정상,2026-03-16 22:39:56,2026-03-16 22:41:48,정상
P733005,182-4C1S-02-302,W04,10,10,정상,2026-03-16 22:41:57,2026-03-16 22:42:45,정상
P733005,182-4A1S-15-504,W09,28,28,정상,2026-03-16 22:42:51,2026-03-16 22:45:00,정상
P733005,182-4C1S-31-105,W04,14,14,정상,2026-03-16 22:45:08,2026-03-16 22:46:29,정상
P733005,182-4B1S-13-105,W08,28,28,정상,2026-03-16 22:46:35,2026-03-16 22:48:50,정상
P733005,182-4B1S-18-605,W04,27,27,정상,2026-03-16 22:48:54,2026-03-16 22:50:59,정상
P733005,182-4C1S-27-601,W05,23,24,불일치,2026-03-16 22:51:08,2026-03-16 22:53:01,정상
P733005,182-4A1S-17-106,W04,14,14,정상,2026-03-16 22:53:06,2026-03-16 22:54:28,정상
P733005,182-4B1S-08-101,W06,28,28,정상,2026-03-16 22:54:38,2026-03-16 22:56:33,정상
P733005,182-4A1S-19-502,W09,10,10,정상,2026-03-16 22:56:41,2026-03-16 22:57:46,정상
P733005,182-4B1S-31-103,W05,12,12,정상,2026-03-16 22:57:50,2026-03-16 22:59:07,정상
P733005,182-4B1S-13-603,W05,10,10,정상,2026-03-16 22:59:11,2026-03-16 23:00:13,정상
P733005,182-4A1S-22-604,W02,25,24,불일치,2026-03-16 23:00:16,2026-03-16 23:02:12,정상
P733005,182-4A1S-03-602,W08,9,9,정상,2026-03-16 23:02:18,2026-03-16 23:03:22,정상
P733005,182-4A1S-22-201,W07,8,9,불일치,2026-03-16 23:03:26,2026-03-16 23:04:31,정상
