계획번호,로케이션,작업자,전산수량,SBC실물,판정,시작시간,완료시간,작업상태,product_name,category,product_id
P733001,182-4B1S-05-501,W03,9,9,정상,2026-03-16 8:00,2026-03-16 8:01,정상,Mackerel,Seafood,368402728
P733001,182-4B1S-11-402,W02,17,17,정상,2026-03-16 8:01,2026-03-16 8:02,정상,Jasmine Rice,Grains & Pulses,441282185
P733001,182-4A1S-22-505,W01,27,27,정상,2026-03-16 8:02,2026-03-16 8:04,정상,Feta Cheese,Dairy,467538430
P733001,182-4C1S-03-605,W08,28,28,정상,2026-03-16 8:04,2026-03-16 8:05,정상,Pomegranate,Fruits & Vegetables,904920564
P733001,182-4B1S-06-404,W06,27,27,불일치,2026-03-16 8:06,2026-03-16 8:08,정상,Zucchini,Fruits & Vegetables,298236004
P733001,182-4B1S-17-501,W10,30,30,정상,2026-03-16 8:08,2026-03-16 8:10,정상,Egg (Quail),Dairy,766237844
P733001,182-4B1S-19-102,W10,5,5,정상,2026-03-16 8:10,2026-03-16 8:15,지연(의심),White Sugar,Grains & Pulses,400037322
P733001,182-4A1S-27-304,W07,21,21,정상,2026-03-16 8:15,2026-03-16 8:17,정상,Butter Biscuit,Bakery,657593721
P733001,182-4C1S-23-604,W08,28,28,정상,2026-03-16 8:17,2026-03-16 8:21,지연(의심),Arabica Coffee,Beverages,484270551
P733001,182-4A1S-02-502,W07,23,23,정상,2026-03-16 8:21,2026-03-16 8:23,정상,Black Tea,Beverages,782370277
P733001,182-4B1S-06-405,W09,13,13,정상,2026-03-16 8:23,2026-03-16 8:24,정상,Robusta Coffee,Beverages,267993714
P733001,182-4A1S-01-506,W05,23,23,불일치,2026-03-16 8:24,2026-03-16 8:26,정상,Cucumber,Fruits & Vegetables,038333577
P733001,182-4C1S-20-204,W04,11,11,정상,2026-03-16 8:26,2026-03-16 8:27,정상,Whipped Cream,Dairy,031499760
P733001,182-4B1S-08-603,W07,10,10,정상,2026-03-16 8:27,2026-03-16 8:28,정상,Sourdough Bread,Bakery,538059523
P733001,182-4C1S-04-601,W03,6,6,정상,2026-03-16 8:29,2026-03-16 8:29,정상,Powdered Sugar,Grains & Pulses,477493277
P733001,182-4C1S-07-601,W02,21,21,정상,2026-03-16 8:37,2026-03-16 8:39,정상,Salmon,Seafood,458522446
P733001,182-4A1S-20-404,W03,17,17,정상,2026-03-16 8:39,2026-03-16 8:40,정상,Cheese,Dairy,143055348
P733001,182-4A1S-11-603,W04,8,8,정상,2026-03-16 8:40,2026-03-16 8:41,정상,Egg (Chicken),Dairy,843277787
P733001,182-4C1S-26-606,W08,28,28,정상,2026-03-16 8:41,2026-03-16 8:43,정상,Whole Wheat Flour,Grains & Pulses,317464951
P733001,182-4B1S-19-402,W03,30,30,정상,2026-03-16 8:43,2026-03-16 8:45,정상,Bread Flour,Grains & Pulses,353534068
P733001,182-4C1S-28-402,W07,15,14,불일치,2026-03-16 8:45,2026-03-16 8:47,정상,Coconut,Fruits & Vegetables,157974824
P733001,182-4A1S-01-606,W07,30,30,정상,2026-03-16 8:47,2026-03-16 8:49,정상,Haddock,Seafood,914263204
P733001,182-4B1S-18-305,W07,23,23,정상,2026-03-16 8:49,2026-03-16 8:51,정상,Powdered Sugar,Grains & Pulses,835560996
P733001,182-4A1S-23-401,W02,16,16,정상,2026-03-16 8:51,2026-03-16 8:52,정상,Feta Cheese,Dairy,467538430
P733001,182-4A1S-24-305,W04,11,11,정상,2026-03-16 8:52,2026-03-16 8:53,정상,White Bread,Bakery,216509319
P733001,182-4B1S-03-306,W03,17,17,정상,2026-03-16 8:53,2026-03-16 8:55,정상,Chocolate Biscuit,Bakery,823955070
P733001,182-4A1S-30-602,W06,21,21,불일치,2026-03-16 8:55,2026-03-16 8:56,정상,Papaya,Fruits & Vegetables,562130577
P733001,182-4C1S-09-105,W08,11,11,정상,2026-03-16 8:56,2026-03-16 8:57,정상,Wild Rice,Grains & Pulses,066555498
P733001,182-4B1S-22-601,W06,27,27,정상,2026-03-16 8:57,2026-03-16 8:59,정상,Parmesan Cheese,Dairy,281462641
P733001,182-4B1S-11-301,W02,8,8,정상,2026-03-16 8:59,2026-03-16 9:04,지연(의심),Wild Rice,Grains & Pulses,047580410
P733001,182-4A1S-13-606,W05,20,20,불일치,2026-03-16 9:04,2026-03-16 9:05,정상,Cauliflower,Fruits & Vegetables,028889412
P733001,182-4A1S-28-406,W08,20,20,정상,2026-03-16 9:11,2026-03-16 9:12,정상,Heavy Cream,Dairy,951309020
P733001,182-4A1S-10-304,W01,20,19,불일치,2026-03-16 9:13,2026-03-16 9:14,정상,Bell Pepper,Fruits & Vegetables,82265155
P733001,182-4C1S-30-406,W03,15,15,불일치,2026-03-16 9:14,2026-03-16 9:16,정상,Strawberries,Fruits & Vegetables,226212774
P733001,182-4B1S-22-201,W04,16,16,정상,2026-03-16 9:16,2026-03-16 9:17,정상,Halibut,Seafood,001198780
P733001,182-4B1S-19-405,W06,29,29,정상,2026-03-16 9:17,2026-03-16 9:19,정상,Arabica Coffee,Beverages,111557826
P733001,182-4B1S-13-405,W10,15,15,정상,2026-03-16 9:19,2026-03-16 9:20,정상,Rye Bread,Bakery,414755305
P733001,182-4A1S-17-405,W10,19,19,정상,2026-03-16 9:21,2026-03-16 9:22,정상,Sardines,Seafood,519349117
P733001,182-4A1S-10-402,W07,23,22,불일치,2026-03-16 9:22,2026-03-16 9:23,정상,Bell Pepper,Fruits & Vegetables,82265155
P733001,182-4C1S-03-303,W01,12,12,정상,2026-03-16 9:24,2026-03-16 9:28,지연(의심),White Rice,Grains & Pulses,862739377
P733001,182-4A1S-10-403,W04,29,29,정상,2026-03-16 9:28,2026-03-16 9:30,정상,Almond Flour,Grains & Pulses,174934579
P733001,182-4C1S-13-501,W07,19,19,정상,2026-03-16 9:30,2026-03-16 9:31,정상,Almond Flour,Grains & Pulses,365314087
P733001,182-4A1S-28-602,W08,7,7,불일치,2026-03-16 9:31,2026-03-16 9:32,정상,Watermelon,Fruits & Vegetables,340750371
P733001,182-4A1S-21-605,W05,22,21,불일치,2026-03-16 9:32,2026-03-16 9:34,정상,Gouda Cheese,Dairy,218902826
P733001,182-4B1S-04-106,W07,18,18,정상,2026-03-16 9:34,2026-03-16 9:35,정상,Halibut,Seafood,001198780
P733001,182-4A1S-22-102,W05,22,22,정상,2026-03-16 9:36,2026-03-16 9:37,정상,White Sugar,Grains & Pulses,779371108
P733001,182-4A1S-08-302,W03,5,5,정상,2026-03-16 9:37,2026-03-16 9:38,정상,Almond Flour,Grains & Pulses,375673218
P733001,182-4B1S-17-604,W06,13,13,정상,2026-03-16 9:38,2026-03-16 9:39,정상,Cauliflower,Fruits & Vegetables,884013700
P733001,182-4B1S-30-103,W04,6,6,정상,2026-03-16 9:40,2026-03-16 9:40,정상,Coconut,Fruits & Vegetables,498617823
P733001,182-4C1S-17-305,W10,16,16,불일치,2026-03-16 9:40,2026-03-16 9:42,정상,Mango,Fruits & Vegetables,931985984
P733001,182-4A1S-28-402,W08,30,30,정상,2026-03-16 9:42,2026-03-16 9:44,정상,Lemon,Fruits & Vegetables,560548664
P733001,182-4C1S-08-303,W10,19,19,정상,2026-03-16 9:44,2026-03-16 9:45,정상,Cheese,Dairy,421415718
P733001,182-4C1S-23-603,W01,27,27,정상,2026-03-16 9:45,2026-03-16 9:47,정상,Zucchini,Fruits & Vegetables,926523737
P733001,182-4A1S-31-202,W01,23,23,정상,2026-03-16 9:47,2026-03-16 9:49,정상,Coconut,Fruits & Vegetables,217186746
P733001,182-4C1S-05-301,W02,30,30,정상,2026-03-16 9:49,2026-03-16 9:51,정상,Halibut,Seafood,001198780
P733001,182-4A1S-04-404,W10,7,7,정상,2026-03-16 9:51,2026-03-16 9:52,정상,White Rice,Grains & Pulses,345470827
P733001,182-4B1S-21-401,W02,7,7,정상,2026-03-16 9:52,2026-03-16 9:53,정상,Almond Flour,Grains & Pulses,773771659
P733001,182-4B1S-24-103,W09,15,15,정상,2026-03-16 9:53,2026-03-16 9:54,정상,Cheese,Dairy,412375498
P733001,182-4C1S-30-206,W08,14,14,정상,2026-03-16 9:54,2026-03-16 9:55,정상,Tilapia,Seafood,527976961
P733001,182-4C1S-30-301,W03,27,27,정상,2026-03-16 9:55,2026-03-16 9:57,정상,Pomegranate,Fruits & Vegetables,756724378
P733001,182-4A1S-02-604,W09,30,30,정상,2026-03-16 9:57,2026-03-16 9:59,정상,Bread Flour,Grains & Pulses,697430161
P733001,182-4C1S-11-106,W04,24,24,정상,2026-03-16 9:59,2026-03-16 10:00,정상,Egg (Chicken),Dairy,843277787
P733001,182-4A1S-27-602,W07,8,8,정상,2026-03-16 10:00,2026-03-16 10:01,정상,White Tea,Beverages,240091208
P733001,182-4A1S-01-205,W10,26,26,정상,2026-03-16 10:02,2026-03-16 10:04,정상,Feta Cheese,Dairy,467538430
P733001,182-4C1S-01-401,W02,30,30,정상,2026-03-16 10:04,2026-03-16 10:05,정상,Sourdough Bread,Bakery,710746292
P733001,182-4B1S-15-301,W03,10,10,정상,2026-03-16 10:05,2026-03-16 10:06,정상,Whole Wheat Flour,Grains & Pulses,317464951
P733001,182-4A1S-07-401,W10,26,26,정상,2026-03-16 10:07,2026-03-16 10:08,정상,White Sugar,Grains & Pulses,223191377
P733001,182-4A1S-07-404,W02,15,15,정상,2026-03-16 10:08,2026-03-16 10:09,정상,Ricotta Cheese,Dairy,556975242
P733001,182-4C1S-30-101,W09,22,22,정상,2026-03-16 10:09,2026-03-16 10:11,정상,Basmati Rice,Grains & Pulses,102558579
P733001,182-4C1S-10-303,W09,19,19,정상,2026-03-16 10:11,2026-03-16 10:12,정상,Egg (Quail),Dairy,078343320
P733001,182-4B1S-11-304,W03,12,12,정상,2026-03-16 10:12,2026-03-16 10:14,정상,Long Grain Rice,Grains & Pulses,715946552
P733001,182-4B1S-16-401,W08,28,28,정상,2026-03-16 10:14,2026-03-16 10:16,정상,Anchovies,Seafood,641097362
P733001,182-4C1S-24-103,W06,16,16,정상,2026-03-16 10:16,2026-03-16 10:17,정상,Swiss Cheese,Dairy,454020421
P733001,182-4A1S-25-505,W04,22,22,정상,2026-03-16 10:17,2026-03-16 10:19,정상,Coconut Sugar,Grains & Pulses,106268536
P733001,182-4A1S-06-404,W09,21,21,정상,2026-03-16 10:19,2026-03-16 10:20,정상,Carrot,Fruits & Vegetables,347099237
P733002,182-4B1S-25-502,W03,21,21,정상,2026-03-16 10:20,2026-03-16 10:22,정상,Raw Sugar,Grains & Pulses,407950753
P733002,182-4B1S-11-401,W06,18,18,정상,2026-03-16 10:22,2026-03-16 10:24,정상,Tuna,Seafood,394795147
P733002,182-4A1S-15-405,W03,13,13,정상,2026-03-16 10:24,2026-03-16 10:28,지연(의심),Cabbage,Fruits & Vegetables,317456850
P733002,182-4A1S-18-606,W01,27,27,정상,2026-03-16 10:28,2026-03-16 10:30,정상,Ricotta Cheese,Dairy,361274273
P733002,182-4A1S-25-203,W04,21,21,정상,2026-03-16 10:31,2026-03-16 10:32,정상,Halibut,Seafood,835683475
P733002,182-4C1S-25-204,W02,23,23,정상,2026-03-16 10:32,2026-03-16 10:34,정상,Tuna,Seafood,877915803
P733002,182-4B1S-23-105,W05,16,16,정상,2026-03-16 10:34,2026-03-16 10:35,정상,Sardines,Seafood,519349117
P733002,182-4C1S-01-102,W04,26,26,정상,2026-03-16 10:36,2026-03-16 10:37,정상,Tomato,Fruits & Vegetables,044535485
P733002,182-4B1S-06-305,W07,19,19,정상,2026-03-16 10:37,2026-03-16 10:39,정상,Rye Bread,Bakery,243109184
P733002,182-4C1S-08-106,W02,13,13,정상,2026-03-16 10:39,2026-03-16 10:40,정상,Haddock,Seafood,475545780
P733002,182-4B1S-10-601,W08,23,23,정상,2026-03-16 10:41,2026-03-16 10:42,정상,Corn Oil,Oils & Fats,212521360
P733002,182-4B1S-16-105,W02,12,12,정상,2026-03-16 10:42,2026-03-16 10:44,정상,Pomegranate,Fruits & Vegetables,421751648
P733002,182-4C1S-02-402,W04,7,7,정상,2026-03-16 10:44,2026-03-16 10:45,정상,Jasmine Rice,Grains & Pulses,672707464
P733002,182-4B1S-28-102,W02,10,10,정상,2026-03-16 10:45,2026-03-16 10:46,정상,Heavy Cream,Dairy,999610767
P733002,182-4C1S-30-202,W05,5,5,정상,2026-03-16 10:46,2026-03-16 10:46,정상,White Sugar,Grains & Pulses,400037322
P733002,182-4C1S-22-505,W08,23,23,불일치,2026-03-16 10:46,2026-03-16 10:48,정상,Zucchini,Fruits & Vegetables,400212400
P733002,182-4C1S-29-202,W10,19,19,불일치,2026-03-16 10:48,2026-03-16 10:50,정상,Green Beans,Fruits & Vegetables,249754231
P733002,182-4B1S-02-304,W06,8,7,불일치,2026-03-16 10:50,2026-03-16 10:51,정상,Gouda Cheese,Dairy,255226043
P733002,182-4C1S-20-602,W03,24,24,정상,2026-03-16 10:51,2026-03-16 10:53,정상,Sesame Oil,Oils & Fats,938150565
P733002,182-4B1S-25-401,W09,18,18,불일치,2026-03-16 10:53,2026-03-16 10:54,정상,Cucumber,Fruits & Vegetables,763404432
P733002,182-4C1S-13-306,W02,21,21,정상,2026-03-16 10:55,2026-03-16 10:56,정상,Asparagus,Fruits & Vegetables,204482972
P733002,182-4C1S-14-304,W02,23,23,정상,2026-03-16 10:56,2026-03-16 10:58,정상,Whole Wheat Bread,Bakery,881835781
P733002,182-4B1S-27-106,W08,27,27,정상,2026-03-16 10:58,2026-03-16 11:00,정상,Sourdough Bread,Bakery,710746292
P733002,182-4A1S-03-404,W07,21,20,불일치,2026-03-16 11:00,2026-03-16 11:02,정상,Avocado Oil,Oils & Fats,866922312
P733002,182-4B1S-22-105,W05,18,18,정상,2026-03-16 11:02,2026-03-16 11:03,정상,Cream,Dairy,582291358
P733002,182-4C1S-19-303,W05,13,13,정상,2026-03-16 11:03,2026-03-16 11:04,정상,Sushi Rice,Grains & Pulses,143059690
P733002,182-4B1S-01-102,W07,11,11,정상,2026-03-16 11:04,2026-03-16 11:06,정상,Apricot,Fruits & Vegetables,150829124
P733002,182-4A1S-08-201,W03,10,10,정상,2026-03-16 11:06,2026-03-16 11:07,정상,Zucchini,Fruits & Vegetables,158467959
P733002,182-4B1S-08-202,W04,8,8,정상,2026-03-16 11:07,2026-03-16 11:07,정상,Long Grain Rice,Grains & Pulses,842699130
P733002,182-4B1S-09-502,W08,29,29,정상,2026-03-16 11:08,2026-03-16 11:10,정상,Chocolate Biscuit,Bakery,010186418
P733002,182-4A1S-11-304,W04,28,28,정상,2026-03-16 11:10,2026-03-16 11:11,정상,Orange,Fruits & Vegetables,515725497
P733002,182-4A1S-07-405,W01,6,6,정상,2026-03-16 11:12,2026-03-16 11:12,정상,Black Tea,Beverages,952626208
P733002,182-4A1S-19-303,W02,28,28,불일치,2026-03-16 11:13,2026-03-16 11:14,정상,Zucchini,Fruits & Vegetables,400212400
P733002,182-4B1S-01-401,W09,19,19,불일치,2026-03-16 11:14,2026-03-16 11:16,정상,Orange,Fruits & Vegetables,259117736
P733002,182-4A1S-22-303,W05,11,11,정상,2026-03-16 11:16,2026-03-16 11:17,정상,Cream,Dairy,543749986
P733002,182-4C1S-06-101,W03,28,28,정상,2026-03-16 11:17,2026-03-16 11:19,정상,Rye Bread,Bakery,243109184
P733002,182-4A1S-26-204,W04,8,8,불일치,2026-03-16 11:19,2026-03-16 11:20,정상,Cherry,Fruits & Vegetables,744040582
P733002,182-4A1S-09-504,W03,26,26,불일치,2026-03-16 11:20,2026-03-16 11:22,정상,Pomegranate,Fruits & Vegetables,904920564
P733002,182-4C1S-28-104,W02,6,6,정상,2026-03-16 11:22,2026-03-16 11:23,정상,Short Grain Rice,Grains & Pulses,465201819
P733002,182-4C1S-15-104,W06,11,11,정상,2026-03-16 11:23,2026-03-16 11:24,정상,Canola Oil,Oils & Fats,506792072
P733002,182-4B1S-30-602,W08,9,9,불일치,2026-03-16 11:24,2026-03-16 11:25,정상,Onion,Fruits & Vegetables,054250746
P733002,182-4B1S-21-404,W07,29,28,불일치,2026-03-16 11:25,2026-03-16 11:27,정상,Gouda Cheese,Dairy,255226043
P733002,182-4C1S-30-302,W07,29,29,정상,2026-03-16 11:27,2026-03-16 11:29,정상,Papaya,Fruits & Vegetables,451727012
P733002,182-4C1S-14-306,W07,7,7,정상,2026-03-16 11:29,2026-03-16 11:30,정상,Parmesan Cheese,Dairy,684186724
P733002,182-4B1S-21-501,W06,24,24,정상,2026-03-16 11:30,2026-03-16 11:32,정상,Arabica Coffee,Beverages,434697551
P733002,182-4B1S-29-305,W04,9,9,정상,2026-03-16 11:32,2026-03-16 11:33,정상,Tuna,Seafood,730108323
P733002,182-4B1S-31-502,W05,17,17,정상,2026-03-16 11:33,2026-03-16 11:34,정상,Tilapia,Seafood,943553070
P733002,182-4B1S-21-306,W02,7,7,정상,2026-03-16 11:35,2026-03-16 11:35,정상,Bread Flour,Grains & Pulses,697430161
P733002,182-4C1S-27-204,W04,24,24,정상,2026-03-16 11:35,2026-03-16 11:37,정상,Bread Flour,Grains & Pulses,558033964
P733002,182-4A1S-19-402,W02,20,20,정상,2026-03-16 11:37,2026-03-16 11:38,정상,Black Rice,Grains & Pulses,366364873
P733002,182-4B1S-05-506,W06,6,6,정상,2026-03-16 11:38,2026-03-16 11:39,정상,Black Coffee,Beverages,119223342
P733002,182-4C1S-07-402,W03,14,14,정상,2026-03-16 11:39,2026-03-16 11:40,정상,Coconut,Fruits & Vegetables,203251965
P733002,182-4C1S-16-405,W05,24,24,정상,2026-03-16 11:40,2026-03-16 11:42,정상,Cottage Cheese,Dairy,803713695
P733002,182-4B1S-17-504,W04,24,24,정상,2026-03-16 11:42,2026-03-16 11:44,정상,Cheddar Cheese,Dairy,604568169
P733002,182-4B1S-02-104,W09,29,29,정상,2026-03-16 11:44,2026-03-16 11:46,정상,Peanut Oil,Oils & Fats,675461568
P733002,182-4B1S-04-605,W06,10,10,정상,2026-03-16 11:46,2026-03-16 11:47,정상,Buttermilk,Dairy,041046993
P733002,182-4B1S-06-606,W06,19,19,정상,2026-03-16 11:47,2026-03-16 11:48,정상,Eggplant,Fruits & Vegetables,631629244
P733002,182-4B1S-06-102,W05,22,22,정상,2026-03-16 11:48,2026-03-16 11:50,정상,Egg (Duck),Dairy,973007511
P733002,182-4C1S-12-106,W07,15,15,정상,2026-03-16 11:50,2026-03-16 11:51,정상,White Sugar,Grains & Pulses,384174656
P733002,182-4C1S-12-606,W01,16,16,정상,2026-03-16 11:51,2026-03-16 11:53,정상,Sushi Rice,Grains & Pulses,747117160
P733002,182-4B1S-24-204,W03,29,29,정상,2026-03-16 11:53,2026-03-16 11:55,정상,Blueberries,Fruits & Vegetables,663787532
P733002,182-4C1S-05-204,W02,14,14,정상,2026-03-16 11:55,2026-03-16 11:56,정상,Asparagus,Fruits & Vegetables,982352711
P733002,182-4B1S-03-305,W07,24,24,정상,2026-03-16 11:56,2026-03-16 11:58,정상,Coconut Sugar,Grains & Pulses,106268536
P733002,182-4C1S-02-401,W02,28,28,정상,2026-03-16 11:58,2026-03-16 12:00,정상,White Bread,Bakery,029204829
P733002,182-4B1S-06-305,W02,24,24,정상,2026-03-16 12:00,2026-03-16 12:02,정상,Watermelon,Fruits & Vegetables,446375512
P733002,182-4B1S-07-104,W04,16,16,정상,2026-03-16 12:02,2026-03-16 12:03,정상,Mackerel,Seafood,839663280
P733002,182-4B1S-17-405,W07,25,25,불일치,2026-03-16 12:03,2026-03-16 12:05,정상,Carrot,Fruits & Vegetables,057208792
P733002,182-4C1S-06-101,W04,22,22,정상,2026-03-16 12:05,2026-03-16 12:07,정상,Powdered Sugar,Grains & Pulses,874238486
P733002,182-4C1S-30-103,W01,26,26,정상,2026-03-16 12:07,2026-03-16 12:09,정상,Whole Wheat Flour,Grains & Pulses,571010060
P733002,182-4C1S-10-601,W09,22,22,정상,2026-03-16 12:09,2026-03-16 12:10,정상,Black Rice,Grains & Pulses,901287973
P733002,182-4C1S-02-204,W10,7,7,정상,2026-03-16 12:10,2026-03-16 12:11,정상,Orange,Fruits & Vegetables,436708544
P733002,182-4B1S-04-503,W08,7,7,정상,2026-03-16 12:11,2026-03-16 12:12,정상,Jasmine Rice,Grains & Pulses,291350791
P733002,182-4C1S-18-303,W01,25,24,불일치,2026-03-16 12:12,2026-03-16 12:14,정상,Parmesan Cheese,Dairy,475810363
P733002,182-4A1S-30-605,W02,29,29,정상,2026-03-16 12:14,2026-03-16 12:17,정상,Watermelon,Fruits & Vegetables,117668738
P733002,182-4A1S-27-502,W04,19,19,정상,2026-03-16 12:17,2026-03-16 12:18,정상,Lemon,Fruits & Vegetables,067312162
P733002,182-4A1S-20-403,W07,25,25,정상,2026-03-16 12:18,2026-03-16 12:20,정상,All-Purpose Flour,Grains & Pulses,523925312
P733002,182-4B1S-05-205,W04,5,5,정상,2026-03-16 12:20,2026-03-16 12:21,정상,Papaya,Fruits & Vegetables,316081445
P733002,182-4C1S-19-506,W10,5,5,불일치,2026-03-16 12:21,2026-03-16 12:21,정상,Tomato,Fruits & Vegetables,491996836
P733002,182-4B1S-04-102,W05,20,20,정상,2026-03-16 12:21,2026-03-16 12:23,정상,Butter,Dairy,907739557
P733002,182-4A1S-12-304,W03,16,16,정상,2026-03-16 12:23,2026-03-16 12:27,지연(의심),Green Coffee,Beverages,040011793
P733002,182-4C1S-04-202,W04,24,24,정상,2026-03-16 12:27,2026-03-16 12:29,정상,Black Tea,Beverages,782370277
P733002,182-4A1S-30-305,W06,25,25,정상,2026-03-16 12:29,2026-03-16 12:34,지연(의심),Egg (Goose),Dairy,827110772
P733002,182-4A1S-16-402,W02,13,13,정상,2026-03-16 12:34,2026-03-16 12:35,정상,Heavy Cream,Dairy,393153936
P733002,182-4C1S-14-302,W03,29,29,정상,2026-03-16 12:35,2026-03-16 12:37,정상,Mango,Fruits & Vegetables,639188253
P733002,182-4C1S-06-103,W04,9,9,정상,2026-03-16 12:37,2026-03-16 12:37,정상,Peach,Fruits & Vegetables,658674029
P733002,182-4A1S-06-604,W06,5,5,정상,2026-03-16 12:38,2026-03-16 12:38,정상,Kiwi,Fruits & Vegetables,668545736
P733002,182-4B1S-22-301,W06,18,18,정상,2026-03-16 12:38,2026-03-16 12:40,정상,Basmati Rice,Grains & Pulses,102558579
P733002,182-4A1S-12-102,W01,19,19,정상,2026-03-16 12:40,2026-03-16 12:42,정상,Greek Yogurt,Fruits & Vegetables,322701385
P733002,182-4C1S-24-102,W01,21,21,정상,2026-03-16 12:42,2026-03-16 12:43,정상,Long Grain Rice,Grains & Pulses,715946552
P733002,182-4B1S-28-303,W08,7,7,정상,2026-03-16 12:52,2026-03-16 12:53,정상,Sourdough Bread,Bakery,750299003
P733002,182-4B1S-06-604,W03,23,23,정상,2026-03-16 12:58,2026-03-16 13:00,정상,Cheese,Dairy,143055348
P733002,182-4C1S-26-306,W01,5,5,불일치,2026-03-16 13:00,2026-03-16 13:01,정상,Blueberries,Fruits & Vegetables,004409568
P733002,182-4C1S-08-506,W01,27,27,정상,2026-03-16 13:01,2026-03-16 13:03,정상,Egg (Chicken),Dairy,966828546
P733002,182-4A1S-21-506,W05,17,17,정상,2026-03-16 13:03,2026-03-16 13:04,정상,Corn Oil,Oils & Fats,216938216
P733002,182-4C1S-27-205,W08,22,22,정상,2026-03-16 13:05,2026-03-16 13:06,정상,Sourdough Bread,Bakery,710746292
P733002,182-4B1S-25-602,W02,27,26,불일치,2026-03-16 13:06,2026-03-16 13:08,정상,Grapes,Fruits & Vegetables,893883239
P733002,182-4A1S-17-204,W09,21,21,정상,2026-03-16 13:08,2026-03-16 13:09,정상,Onion,Fruits & Vegetables,887469468
P733002,182-4C1S-17-305,W10,10,10,정상,2026-03-16 13:09,2026-03-16 13:10,정상,Cod,Seafood,176470503
P733003,182-4C1S-16-501,W10,10,10,정상,2026-03-16 13:10,2026-03-16 13:12,정상,Trout,Seafood,260109519
P733003,182-4A1S-27-605,W07,18,18,정상,2026-03-16 13:12,2026-03-16 13:13,정상,Wild Rice,Grains & Pulses,804417249
P733003,182-4B1S-13-304,W04,18,18,불일치,2026-03-16 13:13,2026-03-16 13:14,정상,Papaya,Fruits & Vegetables,871992743
P733003,182-4B1S-19-502,W01,14,14,정상,2026-03-16 13:14,2026-03-16 13:16,정상,Cauliflower,Fruits & Vegetables,376663902
P733003,182-4A1S-30-203,W10,5,5,정상,2026-03-16 13:16,2026-03-16 13:17,정상,Pineapple,Fruits & Vegetables,407518635
P733003,182-4C1S-10-103,W09,17,17,불일치,2026-03-16 13:17,2026-03-16 13:18,정상,Mushrooms,Fruits & Vegetables,228492551
P733003,182-4A1S-13-105,W01,16,16,정상,2026-03-16 13:18,2026-03-16 13:20,정상,Jasmine Rice,Grains & Pulses,308063823
P733003,182-4B1S-25-202,W09,11,11,정상,2026-03-16 13:20,2026-03-16 13:21,정상,Bread Flour,Grains & Pulses,589465152
P733003,182-4B1S-20-501,W05,17,17,정상,2026-03-16 13:21,2026-03-16 13:23,정상,Pear,Fruits & Vegetables,192145762
P733003,182-4A1S-16-604,W04,7,7,불일치,2026-03-16 13:23,2026-03-16 13:24,정상,Avocado Oil,Oils & Fats,903439640
P733003,182-4B1S-25-106,W06,11,11,정상,2026-03-16 13:24,2026-03-16 13:25,정상,Coconut Sugar,Grains & Pulses,106268536
P733003,182-4B1S-16-202,W04,18,18,정상,2026-03-16 13:25,2026-03-16 13:26,정상,Papaya,Fruits & Vegetables,280444102
P733003,182-4A1S-16-103,W10,20,20,정상,2026-03-16 13:26,2026-03-16 13:27,정상,Egg (Goose),Dairy,827110772
P733003,182-4A1S-12-304,W09,13,13,불일치,2026-03-16 13:28,2026-03-16 13:29,정상,Strawberries,Fruits & Vegetables,226212774
P733003,182-4C1S-28-104,W05,17,17,정상,2026-03-16 13:29,2026-03-16 13:30,정상,Wild Rice,Grains & Pulses,891814523
P733003,182-4C1S-04-101,W02,28,28,정상,2026-03-16 13:30,2026-03-16 13:32,정상,Bell Pepper,Fruits & Vegetables,334402588
P733003,182-4C1S-10-505,W08,15,15,정상,2026-03-16 13:32,2026-03-16 13:33,정상,Arabica Coffee,Beverages,408604532
P733003,182-4A1S-21-105,W01,11,11,정상,2026-03-16 13:33,2026-03-16 13:34,정상,Papaya,Fruits & Vegetables,253532067
P733003,182-4C1S-09-302,W03,7,7,정상,2026-03-16 13:34,2026-03-16 13:35,정상,Egg (Goose),Dairy,827110772
P733003,182-4A1S-15-502,W02,6,6,정상,2026-03-16 13:35,2026-03-16 13:36,정상,Plum,Fruits & Vegetables,439102342
P733003,182-4C1S-31-106,W09,10,10,정상,2026-03-16 13:36,2026-03-16 13:37,정상,Spinach,Fruits & Vegetables,253497974
P733003,182-4A1S-24-305,W03,28,28,정상,2026-03-16 13:37,2026-03-16 13:42,지연(의심),Ricotta Cheese,Dairy,361274273
P733003,182-4B1S-27-503,W08,29,29,정상,2026-03-16 13:42,2026-03-16 13:44,정상,Sweet Potato,Fruits & Vegetables,139808804
P733003,182-4A1S-31-106,W05,20,20,정상,2026-03-16 13:44,2026-03-16 13:46,정상,White Sugar,Grains & Pulses,768540095
P733003,182-4B1S-22-201,W07,12,13,불일치,2026-03-16 13:46,2026-03-16 13:47,정상,Ricotta Cheese,Dairy,556975242
P733003,182-4B1S-28-306,W05,10,10,정상,2026-03-16 13:47,2026-03-16 13:48,정상,Pineapple,Fruits & Vegetables,407518635
P733003,182-4A1S-24-305,W10,24,24,정상,2026-03-16 13:48,2026-03-16 13:50,정상,Sweet Potato,Fruits & Vegetables,175043699
P733003,182-4A1S-24-403,W03,12,12,정상,2026-03-16 13:50,2026-03-16 13:51,정상,Tuna,Seafood,746665671
P733003,182-4C1S-03-304,W03,26,27,불일치,2026-03-16 13:51,2026-03-16 13:54,정상,Onion,Fruits & Vegetables,760274850
P733003,182-4C1S-08-503,W03,9,9,정상,2026-03-16 13:54,2026-03-16 13:55,정상,Powdered Sugar,Grains & Pulses,203877746
P733003,182-4B1S-10-403,W01,28,28,정상,2026-03-16 13:55,2026-03-16 13:56,정상,Long Grain Rice,Grains & Pulses,953548583
P733003,182-4C1S-15-502,W03,25,25,정상,2026-03-16 13:57,2026-03-16 13:58,정상,Pear,Fruits & Vegetables,192145762
P733003,182-4A1S-14-501,W07,22,22,정상,2026-03-16 13:59,2026-03-16 14:00,정상,Chocolate Biscuit,Bakery,764769996
P733003,182-4C1S-13-305,W05,21,21,정상,2026-03-16 14:00,2026-03-16 14:02,정상,Plum,Fruits & Vegetables,025751980
P733003,182-4A1S-05-202,W03,25,25,정상,2026-03-16 14:02,2026-03-16 14:03,정상,Broccoli,Fruits & Vegetables,190215024
P733003,182-4A1S-10-305,W03,21,21,정상,2026-03-16 14:04,2026-03-16 14:05,정상,Evaporated Milk,Dairy,598576577
P733003,182-4B1S-07-105,W02,21,21,정상,2026-03-16 14:05,2026-03-16 14:07,정상,Jasmine Rice,Grains & Pulses,308063823
P733003,182-4C1S-28-601,W06,10,11,불일치,2026-03-16 14:07,2026-03-16 14:08,정상,Cauliflower,Fruits & Vegetables,672486306
P733003,182-4A1S-07-502,W06,20,20,정상,2026-03-16 14:08,2026-03-16 14:10,정상,Onion,Fruits & Vegetables,918480606
P733003,182-4A1S-03-103,W05,15,15,정상,2026-03-16 14:10,2026-03-16 14:11,정상,Egg (Duck),Dairy,415945069
P733003,182-4A1S-09-205,W07,24,24,불일치,2026-03-16 14:11,2026-03-16 14:13,정상,Apricot,Fruits & Vegetables,046378815
P733003,182-4C1S-23-602,W01,7,6,불일치,2026-03-16 14:13,2026-03-16 14:14,정상,Cauliflower,Fruits & Vegetables,672486306
P733003,182-4C1S-31-505,W04,14,14,정상,2026-03-16 14:14,2026-03-16 14:16,정상,Black Tea,Beverages,952626208
P733003,182-4C1S-21-406,W06,13,13,정상,2026-03-16 14:16,2026-03-16 14:17,정상,Blueberries,Fruits & Vegetables,842720790
P733003,182-4C1S-01-305,W05,25,25,정상,2026-03-16 14:17,2026-03-16 14:19,정상,Black Tea,Beverages,581222282
P733003,182-4C1S-29-303,W03,9,9,불일치,2026-03-16 14:19,2026-03-16 14:20,정상,Lemon,Fruits & Vegetables,995435039
P733003,182-4B1S-16-104,W04,19,19,정상,2026-03-16 14:20,2026-03-16 14:22,정상,Short Grain Rice,Grains & Pulses,927910606
P733003,182-4C1S-29-406,W05,15,15,정상,2026-03-16 14:22,2026-03-16 14:23,정상,Mackerel,Seafood,368402728
P733003,182-4A1S-27-503,W07,28,27,불일치,2026-03-16 14:23,2026-03-16 14:28,지연(의심),Cauliflower,Fruits & Vegetables,672486306
P733003,182-4B1S-02-205,W07,21,21,정상,2026-03-16 14:28,2026-03-16 14:33,지연(의심),Pineapple,Fruits & Vegetables,883042855
P733003,182-4B1S-07-504,W03,13,13,정상,2026-03-16 14:33,2026-03-16 14:34,정상,Evaporated Milk,Dairy,962091739
P733003,182-4B1S-19-505,W05,26,26,정상,2026-03-16 14:34,2026-03-16 14:35,정상,Zucchini,Fruits & Vegetables,158467959
P733003,182-4B1S-04-306,W05,24,24,정상,2026-03-16 14:35,2026-03-16 14:37,정상,Black Rice,Grains & Pulses,907370044
P733003,182-4B1S-02-202,W01,20,20,불일치,2026-03-16 14:37,2026-03-16 14:39,정상,Pear,Fruits & Vegetables,445523909
P733003,182-4B1S-23-504,W03,28,28,정상,2026-03-16 14:39,2026-03-16 14:40,정상,Black Coffee,Beverages,385559147
P733003,182-4C1S-30-104,W03,12,12,불일치,2026-03-16 14:41,2026-03-16 14:42,정상,Grapes,Fruits & Vegetables,953561566
P733003,182-4C1S-18-604,W09,19,18,불일치,2026-03-16 14:42,2026-03-16 14:43,정상,Parmesan Cheese,Dairy,260001012
P733003,182-4C1S-12-604,W08,24,24,정상,2026-03-16 14:43,2026-03-16 14:45,정상,Avocado Oil,Oils & Fats,003572313
P733003,182-4C1S-07-601,W09,7,7,정상,2026-03-16 14:45,2026-03-16 14:46,정상,Bread Flour,Grains & Pulses,353534068
P733003,182-4B1S-15-606,W02,27,27,정상,2026-03-16 14:46,2026-03-16 14:51,지연(의심),Mango,Fruits & Vegetables,806586456
P733003,182-4A1S-11-501,W10,14,14,정상,2026-03-16 14:51,2026-03-16 14:53,정상,Green Coffee,Beverages,040011793
P733003,182-4B1S-15-302,W04,27,27,정상,2026-03-16 14:53,2026-03-16 14:54,정상,Whipped Cream,Dairy,555228242
P733003,182-4B1S-17-403,W04,17,17,정상,2026-03-16 14:54,2026-03-16 14:56,정상,Peanut Oil,Oils & Fats,879033486
P733003,182-4B1S-02-105,W08,30,30,정상,2026-03-16 14:56,2026-03-16 14:57,정상,Sushi Rice,Grains & Pulses,292051132
P733003,182-4A1S-09-305,W02,20,20,정상,2026-03-16 14:57,2026-03-16 14:59,정상,Arabica Coffee,Beverages,319694614
P733003,182-4B1S-14-101,W02,11,11,불일치,2026-03-16 14:59,2026-03-16 15:00,정상,Green Beans,Fruits & Vegetables,309962526
P733003,182-4C1S-09-402,W04,11,11,정상,2026-03-16 15:00,2026-03-16 15:01,정상,Haddock,Seafood,605504771
P733003,182-4C1S-15-602,W09,6,6,불일치,2026-03-16 15:02,2026-03-16 15:02,정상,Pomegranate,Fruits & Vegetables,904920564
P733003,182-4C1S-06-103,W08,20,20,정상,2026-03-16 15:02,2026-03-16 15:04,정상,Palm Oil,Oils & Fats,453179731
P733003,182-4A1S-12-306,W03,21,21,정상,2026-03-16 15:04,2026-03-16 15:06,정상,Egg (Turkey),Dairy,361770573
P733003,182-4C1S-18-204,W06,23,23,정상,2026-03-16 15:06,2026-03-16 15:07,정상,Cheddar Cheese,Dairy,513128608
P733003,182-4C1S-23-503,W10,28,28,정상,2026-03-16 15:08,2026-03-16 15:12,지연(의심),Bread Flour,Grains & Pulses,558033964
P733003,182-4C1S-19-503,W01,28,28,정상,2026-03-16 15:12,2026-03-16 15:14,정상,Basmati Rice,Grains & Pulses,837270814
P733003,182-4A1S-24-201,W08,9,9,정상,2026-03-16 15:14,2026-03-16 15:15,정상,Sour Cream,Dairy,020346209
P733003,182-4B1S-12-603,W06,14,14,정상,2026-03-16 15:15,2026-03-16 15:16,정상,Trout,Seafood,260109519
P733003,182-4C1S-31-406,W10,25,25,정상,2026-03-16 15:16,2026-03-16 15:18,정상,Whole Wheat Flour,Grains & Pulses,446348292
P733003,182-4B1S-17-203,W02,23,23,정상,2026-03-16 15:18,2026-03-16 15:19,정상,All-Purpose Flour,Grains & Pulses,144898669
P733003,182-4A1S-31-403,W10,29,29,정상,2026-03-16 15:19,2026-03-16 15:21,정상,Butter Biscuit,Bakery,986529569
P733003,182-4C1S-25-601,W08,14,14,정상,2026-03-16 15:21,2026-03-16 15:22,정상,Brown Rice,Grains & Pulses,568753717
P733003,182-4A1S-20-404,W01,25,25,정상,2026-03-16 15:22,2026-03-16 15:24,정상,Arborio Rice,Grains & Pulses,392325341
P733003,182-4C1S-01-406,W09,18,18,정상,2026-03-16 15:24,2026-03-16 15:26,정상,Short Grain Rice,Grains & Pulses,927910606
P733003,182-4B1S-01-203,W05,14,14,정상,2026-03-16 15:26,2026-03-16 15:27,정상,Sesame Oil,Oils & Fats,603115701
P733003,182-4B1S-31-106,W08,26,26,정상,2026-03-16 15:27,2026-03-16 15:29,정상,Black Coffee,Beverages,218161004
P733003,182-4B1S-26-305,W01,9,9,정상,2026-03-16 15:29,2026-03-16 15:33,지연(의심),Zucchini,Fruits & Vegetables,692879113
P733003,182-4B1S-11-401,W01,17,17,정상,2026-03-16 15:33,2026-03-16 15:34,정상,Bread Flour,Grains & Pulses,561916497
P733003,182-4A1S-26-302,W07,5,5,정상,2026-03-16 15:35,2026-03-16 15:35,정상,Zucchini,Fruits & Vegetables,809884653
P733003,182-4A1S-14-301,W06,10,10,정상,2026-03-16 15:36,2026-03-16 15:37,정상,Anchovies,Seafood,276815588
P733003,182-4C1S-08-605,W04,16,17,불일치,2026-03-16 15:37,2026-03-16 15:38,정상,Whole Wheat Flour,Grains & Pulses,426743917
P733003,182-4C1S-14-602,W06,13,13,정상,2026-03-16 15:38,2026-03-16 15:40,정상,Carrot,Fruits & Vegetables,057208792
P733003,182-4A1S-06-406,W08,16,16,정상,2026-03-16 15:40,2026-03-16 15:41,정상,Whipped Cream,Dairy,735676194
P733003,182-4B1S-21-103,W01,18,18,정상,2026-03-16 15:41,2026-03-16 15:43,정상,Sweet Potato,Fruits & Vegetables,139808804
P733003,182-4B1S-25-402,W04,20,20,정상,2026-03-16 15:43,2026-03-16 15:44,정상,Peanut Oil,Oils & Fats,066115454
P733003,182-4C1S-19-205,W02,15,15,정상,2026-03-16 15:44,2026-03-16 15:46,정상,Sunflower Oil,Oils & Fats,727806006
P733003,182-4C1S-01-602,W04,12,12,정상,2026-03-16 15:46,2026-03-16 15:47,정상,Pomegranate,Fruits & Vegetables,764017083
P733003,182-4A1S-14-601,W02,8,8,정상,2026-03-16 15:47,2026-03-16 15:48,정상,Halibut,Seafood,837162177
P733003,182-4A1S-25-606,W06,16,16,정상,2026-03-16 15:48,2026-03-16 15:50,정상,Bell Pepper,Fruits & Vegetables,334402588
P733003,182-4A1S-26-201,W07,25,25,정상,2026-03-16 15:50,2026-03-16 15:52,정상,Ricotta Cheese,Dairy,617966540
P733003,182-4B1S-04-602,W10,24,24,정상,2026-03-16 15:52,2026-03-16 15:54,정상,Heavy Cream,Dairy,723411154
P733003,182-4C1S-22-406,W02,9,9,정상,2026-03-16 15:54,2026-03-16 15:59,지연(의심),Peach,Fruits & Vegetables,744308245
P733003,182-4B1S-25-404,W08,10,10,정상,2026-03-16 15:59,2026-03-16 16:00,정상,White Tea,Beverages,146817035
P733003,182-4B1S-25-206,W02,13,13,정상,2026-03-16 16:00,2026-03-16 16:01,정상,Whole Wheat Bread,Bakery,172746898
P733003,182-4B1S-15-604,W08,25,25,정상,2026-03-16 16:01,2026-03-16 16:03,정상,Grapes,Fruits & Vegetables,010502246
P733003,182-4C1S-31-206,W07,7,6,불일치,2026-03-16 16:03,2026-03-16 16:08,지연(의심),Pineapple,Fruits & Vegetables,930150811
P733003,182-4C1S-14-502,W10,22,22,정상,2026-03-16 16:08,2026-03-16 16:09,정상,Buttermilk,Dairy,041046993
P733003,182-4B1S-03-506,W04,17,17,정상,2026-03-16 16:09,2026-03-16 16:11,정상,Vegetable Oil,Oils & Fats,233953157
P733003,182-4B1S-20-405,W06,28,28,정상,2026-03-16 16:11,2026-03-16 16:13,정상,Jasmine Rice,Grains & Pulses,862574613
P733003,182-4A1S-21-403,W01,30,30,불일치,2026-03-16 16:13,2026-03-16 16:15,정상,Bell Pepper,Fruits & Vegetables,341101040
P733003,182-4C1S-20-102,W03,14,14,정상,2026-03-16 16:15,2026-03-16 16:16,정상,Broccoli,Fruits & Vegetables,720664597
P733003,182-4B1S-24-306,W07,30,29,불일치,2026-03-16 16:16,2026-03-16 16:18,정상,Multigrain Bread,Bakery,244788277
P733003,182-4B1S-26-502,W01,19,19,정상,2026-03-16 16:18,2026-03-16 16:20,정상,Avocado Oil,Oils & Fats,886028210
P733003,182-4A1S-18-605,W01,17,17,정상,2026-03-16 16:20,2026-03-16 16:21,정상,Peas,Fruits & Vegetables,382966634
P733003,182-4C1S-28-603,W09,18,18,정상,2026-03-16 16:21,2026-03-16 16:22,정상,Cherry,Fruits & Vegetables,406301431
P733003,182-4B1S-22-501,W05,28,28,정상,2026-03-16 16:23,2026-03-16 16:25,정상,Egg (Goose),Dairy,539302215
P733003,182-4A1S-12-606,W05,6,6,정상,2026-03-16 16:25,2026-03-16 16:26,정상,Heavy Cream,Dairy,654645070
P733003,182-4A1S-08-604,W04,22,22,정상,2026-03-16 16:26,2026-03-16 16:27,정상,Pomegranate,Fruits & Vegetables,067974963
P733003,182-4A1S-31-503,W09,19,19,정상,2026-03-16 16:37,2026-03-16 16:38,정상,Cauliflower,Fruits & Vegetables,054987751
P733003,182-4C1S-21-405,W03,24,24,정상,2026-03-16 16:38,2026-03-16 16:40,정상,Ricotta Cheese,Dairy,617966540
P733003,182-4A1S-19-604,W04,24,23,불일치,2026-03-16 16:40,2026-03-16 16:42,정상,Tuna,Seafood,800728774
P733003,182-4A1S-09-205,W10,11,11,정상,2026-03-16 16:42,2026-03-16 16:43,정상,Black Tea,Beverages,952626208
P733003,182-4C1S-04-502,W02,13,13,정상,2026-03-16 16:43,2026-03-16 16:45,정상,Asparagus,Fruits & Vegetables,204482972
P733003,182-4B1S-20-303,W04,14,14,정상,2026-03-16 16:45,2026-03-16 16:46,정상,Cod,Seafood,618274098
P733003,182-4C1S-25-101,W03,15,15,정상,2026-03-16 16:46,2026-03-16 16:47,정상,Long Grain Rice,Grains & Pulses,842699130
P733003,182-4C1S-07-501,W07,16,16,정상,2026-03-16 16:47,2026-03-16 16:48,정상,Anchovies,Seafood,245796500
P733003,182-4A1S-17-206,W01,22,22,불일치,2026-03-16 16:49,2026-03-16 16:50,정상,Cabbage,Fruits & Vegetables,825384809
P733003,182-4A1S-11-306,W07,16,15,불일치,2026-03-16 16:50,2026-03-16 16:51,정상,Digestive Biscuit,Bakery,342914939
P733003,182-4C1S-07-502,W08,23,23,정상,2026-03-16 16:52,2026-03-16 16:53,정상,Egg (Turkey),Dairy,129983882
P733003,182-4C1S-31-205,W01,8,8,정상,2026-03-16 16:53,2026-03-16 16:54,정상,Black Coffee,Beverages,006418691
P733003,182-4B1S-07-502,W08,11,11,정상,2026-03-16 16:54,2026-03-16 16:55,정상,White Sugar,Grains & Pulses,400037322
P733003,182-4B1S-06-306,W05,15,15,정상,2026-03-16 16:55,2026-03-16 16:56,정상,Heavy Cream,Dairy,084956853
P733003,182-4A1S-05-101,W01,16,16,정상,2026-03-16 16:57,2026-03-16 16:58,정상,Blueberries,Fruits & Vegetables,663787532
P733003,182-4B1S-04-406,W08,16,16,정상,2026-03-16 16:58,2026-03-16 16:59,정상,Feta Cheese,Dairy,953490828
P733003,182-4A1S-27-103,W03,11,11,정상,2026-03-16 16:59,2026-03-16 17:01,정상,Bell Pepper,Fruits & Vegetables,641197804
P733003,182-4A1S-12-606,W06,6,6,정상,2026-03-16 17:01,2026-03-16 17:02,정상,Sardines,Seafood,417295410
P733003,182-4C1S-25-604,W09,28,28,불일치,2026-03-16 17:02,2026-03-16 17:04,정상,Pear,Fruits & Vegetables,751528731
P733003,182-4B1S-29-105,W07,7,7,정상,2026-03-16 17:04,2026-03-16 17:04,정상,Digestive Biscuit,Bakery,938132419
P733003,182-4B1S-05-504,W06,22,22,정상,2026-03-16 17:04,2026-03-16 17:06,정상,Egg (Quail),Dairy,025083777
P733003,182-4B1S-28-401,W10,30,30,불일치,2026-03-16 17:06,2026-03-16 17:08,정상,Eggplant,Fruits & Vegetables,762640748
P733003,182-4A1S-05-203,W03,14,14,정상,2026-03-16 17:08,2026-03-16 17:13,지연(의심),Broccoli,Fruits & Vegetables,940292717
P733003,182-4A1S-25-402,W04,22,22,정상,2026-03-16 17:13,2026-03-16 17:15,정상,Gouda Cheese,Dairy,576135779
P733003,182-4A1S-12-405,W06,27,27,정상,2026-03-16 17:24,2026-03-16 17:26,정상,Palm Oil,Oils & Fats,663272821
P733003,182-4B1S-27-306,W03,24,24,정상,2026-03-16 17:26,2026-03-16 17:28,정상,Black Rice,Grains & Pulses,304292162
P733003,182-4B1S-24-106,W08,9,9,정상,2026-03-16 17:28,2026-03-16 17:30,정상,Pineapple,Fruits & Vegetables,407518635
P733003,182-4B1S-13-602,W04,14,14,정상,2026-03-16 17:30,2026-03-16 17:31,정상,Almond Flour,Grains & Pulses,411313841
P733003,182-4B1S-13-404,W05,9,9,불일치,2026-03-16 17:31,2026-03-16 17:32,정상,Lemon,Fruits & Vegetables,701452550
P733003,182-4C1S-03-502,W01,15,15,정상,2026-03-16 17:32,2026-03-16 17:33,정상,Black Rice,Grains & Pulses,450504720
P733003,182-4A1S-16-601,W03,11,11,정상,2026-03-16 17:33,2026-03-16 17:34,정상,Plum,Fruits & Vegetables,159073681
P733003,182-4C1S-11-305,W06,28,28,정상,2026-03-16 17:34,2026-03-16 17:36,정상,Haddock,Seafood,460837058
P733003,182-4A1S-02-102,W03,23,23,정상,2026-03-16 17:36,2026-03-16 17:38,정상,Butter,Dairy,196728982
P733003,182-4B1S-01-106,W06,26,26,정상,2026-03-16 17:38,2026-03-16 17:40,정상,Tuna,Seafood,441123331
P733003,182-4B1S-15-402,W05,21,21,정상,2026-03-16 17:40,2026-03-16 17:42,정상,Buttermilk,Dairy,837635038
P733003,182-4A1S-23-501,W02,28,28,정상,2026-03-16 17:42,2026-03-16 17:44,정상,Onion,Fruits & Vegetables,536674109
P733003,182-4A1S-16-505,W05,23,23,정상,2026-03-16 17:44,2026-03-16 17:45,정상,Cheddar Cheese,Dairy,623939939
P733003,182-4B1S-01-103,W09,7,7,정상,2026-03-16 17:45,2026-03-16 17:46,정상,Corn Oil,Oils & Fats,120462988
P733003,182-4C1S-16-201,W07,26,26,정상,2026-03-16 17:46,2026-03-16 17:48,정상,Bread Flour,Grains & Pulses,589465152
P733003,182-4B1S-07-506,W07,6,6,정상,2026-03-16 17:48,2026-03-16 17:49,정상,Mango,Fruits & Vegetables,025598196
P733003,182-4A1S-22-604,W10,17,17,정상,2026-03-16 17:49,2026-03-16 17:51,정상,Mozzarella Cheese,Dairy,128281063
P733003,182-4B1S-16-302,W10,30,30,정상,2026-03-16 17:51,2026-03-16 17:53,정상,Robusta Coffee,Beverages,267993714
P733003,182-4B1S-12-201,W06,14,14,정상,2026-03-16 17:53,2026-03-16 17:54,정상,Egg (Turkey),Dairy,653682479
P733003,182-4C1S-27-503,W07,18,18,정상,2026-03-16 17:54,2026-03-16 17:56,정상,Lemon,Fruits & Vegetables,067312162
P733003,182-4C1S-08-306,W03,14,14,정상,2026-03-16 17:56,2026-03-16 17:57,정상,Brown Rice,Grains & Pulses,945983383
P733003,182-4B1S-18-504,W03,9,9,정상,2026-03-16 17:57,2026-03-16 17:58,정상,Tuna,Seafood,746665671
P733003,182-4C1S-18-305,W09,10,10,정상,2026-03-16 17:58,2026-03-16 17:59,정상,White Bread,Bakery,965037712
P733003,182-4B1S-28-605,W10,14,14,불일치,2026-03-16 17:59,2026-03-16 18:01,정상,Pomegranate,Fruits & Vegetables,289868001
P733003,182-4B1S-04-602,W06,5,5,정상,2026-03-16 18:01,2026-03-16 18:02,정상,Egg (Turkey),Dairy,361770573
P733003,182-4A1S-04-202,W01,29,29,정상,2026-03-16 18:02,2026-03-16 18:03,정상,Egg (Quail),Dairy,766237844
P733003,182-4A1S-13-101,W06,12,12,정상,2026-03-16 18:03,2026-03-16 18:04,정상,Egg (Turkey),Dairy,603274114
P733003,182-4C1S-08-604,W10,5,4,불일치,2026-03-16 18:05,2026-03-16 18:05,정상,White Tea,Beverages,573944703
P733003,182-4A1S-18-205,W04,19,19,정상,2026-03-16 18:05,2026-03-16 18:07,정상,Tilapia,Seafood,548306971
P733003,182-4B1S-25-403,W08,13,13,정상,2026-03-16 18:13,2026-03-16 18:14,정상,Black Rice,Grains & Pulses,800208041
P733003,182-4C1S-30-501,W07,24,23,불일치,2026-03-16 18:14,2026-03-16 18:16,정상,Salmon,Seafood,857815386
P733003,182-4C1S-07-605,W05,20,21,불일치,2026-03-16 18:16,2026-03-16 18:18,정상,Bell Pepper,Fruits & Vegetables,082265155
P733003,182-4B1S-19-102,W02,27,27,정상,2026-03-16 18:18,2026-03-16 18:20,정상,Ricotta Cheese,Dairy,127145135
P733003,182-4A1S-10-502,W07,24,24,정상,2026-03-16 18:29,2026-03-16 18:31,정상,White Bread,Bakery,316276025
P733003,182-4B1S-17-606,W05,24,24,정상,2026-03-16 18:31,2026-03-16 18:33,정상,Egg (Goose),Dairy,277574489
P733003,182-4B1S-24-104,W10,6,6,정상,2026-03-16 18:33,2026-03-16 18:34,정상,Bread Flour,Grains & Pulses,573941587
P733003,182-4A1S-29-305,W08,22,22,정상,2026-03-16 18:34,2026-03-16 18:36,정상,Heavy Cream,Dairy,701496756
P733003,182-4B1S-28-604,W07,19,19,정상,2026-03-16 18:36,2026-03-16 18:38,정상,Peach,Fruits & Vegetables,136737016
P733003,182-4C1S-06-106,W06,22,22,정상,2026-03-16 18:38,2026-03-16 18:39,정상,Orange,Fruits & Vegetables,765406407
P733003,182-4A1S-15-101,W06,24,24,정상,2026-03-16 18:39,2026-03-16 18:41,정상,Cream,Dairy,582291358
P733003,182-4A1S-15-302,W05,6,6,정상,2026-03-16 18:41,2026-03-16 18:42,정상,Pomegranate,Fruits & Vegetables,289868001
P733003,182-4B1S-16-301,W03,6,6,정상,2026-03-16 18:42,2026-03-16 18:43,정상,Whipped Cream,Dairy,466328420
P733003,182-4B1S-24-201,W08,30,30,불일치,2026-03-16 18:43,2026-03-16 18:45,정상,Garlic,Fruits & Vegetables,839177384
P733003,182-4A1S-10-106,W10,7,7,정상,2026-03-16 18:45,2026-03-16 18:50,지연(의심),Sourdough Bread,Bakery,566356764
P733003,182-4C1S-15-206,W04,5,5,정상,2026-03-16 18:50,2026-03-16 18:50,정상,Sourdough Bread,Bakery,710746292
P733003,182-4A1S-22-105,W03,17,17,정상,2026-03-16 18:50,2026-03-16 18:52,정상,White Bread,Bakery,029204829
P733003,182-4A1S-09-404,W07,11,11,정상,2026-03-16 18:52,2026-03-16 18:53,정상,Asparagus,Fruits & Vegetables,831177658
P733003,182-4B1S-24-103,W08,17,17,정상,2026-03-16 18:53,2026-03-16 18:54,정상,Cream,Dairy,127989401
P733003,182-4C1S-04-204,W02,16,16,정상,2026-03-16 18:54,2026-03-16 18:55,정상,Sushi Rice,Grains & Pulses,627776010
P733003,182-4A1S-17-501,W06,14,14,정상,2026-03-16 18:55,2026-03-16 18:57,정상,Yogurt,Dairy,227604605
P733003,182-4B1S-01-601,W04,17,17,불일치,2026-03-16 18:57,2026-03-16 18:58,정상,Pomegranate,Fruits & Vegetables,464962930
P733003,182-4B1S-03-305,W08,24,24,정상,2026-03-16 18:58,2026-03-16 19:00,정상,Multigrain Bread,Bakery,603437973
P733003,182-4B1S-01-102,W05,11,11,정상,2026-03-16 19:08,2026-03-16 19:09,정상,Cheese,Dairy,249726969
P733003,182-4C1S-08-606,W02,19,19,정상,2026-03-16 19:09,2026-03-16 19:11,정상,Long Grain Rice,Grains & Pulses,428876557
P733003,182-4C1S-09-106,W07,22,22,정상,2026-03-16 19:11,2026-03-16 19:12,정상,Orange,Fruits & Vegetables,259117736
P733003,182-4C1S-14-105,W09,15,15,정상,2026-03-16 19:13,2026-03-16 19:14,정상,Long Grain Rice,Grains & Pulses,514694611
P733003,182-4A1S-11-404,W06,21,21,정상,2026-03-16 19:14,2026-03-16 19:16,정상,Egg (Goose),Dairy,866724191
P733003,182-4B1S-14-203,W03,26,26,정상,2026-03-16 19:16,2026-03-16 19:17,정상,Coconut Oil,Oils & Fats,520292382
P733003,182-4C1S-31-306,W02,19,19,정상,2026-03-16 19:17,2026-03-16 19:19,정상,Almond Flour,Grains & Pulses,625090666
P733003,182-4B1S-27-406,W05,29,29,정상,2026-03-16 19:19,2026-03-16 19:23,지연(의심),Egg (Duck),Dairy,018205784
P733003,182-4A1S-01-204,W07,25,25,정상,2026-03-16 19:23,2026-03-16 19:27,지연(의심),Sourdough Bread,Bakery,105555971
P733003,182-4C1S-20-603,W07,9,9,정상,2026-03-16 19:27,2026-03-16 19:28,정상,Rice Flour,Grains & Pulses,117331756
P733003,182-4C1S-09-205,W05,27,27,정상,2026-03-16 19:29,2026-03-16 19:31,정상,Eggplant,Fruits & Vegetables,250109478
P733003,182-4A1S-29-201,W05,30,30,정상,2026-03-16 19:31,2026-03-16 19:32,정상,Powdered Sugar,Grains & Pulses,477493277
P733003,182-4B1S-10-402,W10,7,7,정상,2026-03-16 19:33,2026-03-16 19:34,정상,Cherry,Fruits & Vegetables,110530107
P733003,182-4C1S-21-102,W06,7,7,정상,2026-03-16 19:34,2026-03-16 19:35,정상,Blueberries,Fruits & Vegetables,663787532
P733003,182-4C1S-04-505,W10,17,17,정상,2026-03-16 19:35,2026-03-16 19:36,정상,Haddock,Seafood,456340679
P733003,182-4B1S-10-601,W05,11,10,불일치,2026-03-16 19:36,2026-03-16 19:40,지연(의심),Broccoli,Fruits & Vegetables,720664597
P733003,182-4A1S-15-306,W05,23,23,정상,2026-03-16 19:41,2026-03-16 19:42,정상,Mango,Fruits & Vegetables,931985984
P733003,182-4B1S-11-506,W05,28,28,정상,2026-03-16 19:42,2026-03-16 19:44,정상,Tilapia,Seafood,943553070
P733003,182-4A1S-14-103,W07,6,6,정상,2026-03-16 19:45,2026-03-16 19:45,정상,Powdered Sugar,Grains & Pulses,093357793
P733003,182-4B1S-06-604,W05,7,7,정상,2026-03-16 19:46,2026-03-16 19:46,정상,Peach,Fruits & Vegetables,117453025
P733004,182-4C1S-18-506,W01,30,30,불일치,2026-03-16 19:46,2026-03-16 19:48,정상,Bell Pepper,Fruits & Vegetables,963167600
P733004,182-4A1S-10-102,W04,19,19,정상,2026-03-16 19:49,2026-03-16 19:50,정상,Ricotta Cheese,Dairy,556975242
P733004,182-4C1S-04-105,W07,9,9,정상,2026-03-16 19:50,2026-03-16 19:51,정상,Butter,Dairy,196728982
P733004,182-4B1S-15-603,W08,8,8,정상,2026-03-16 19:51,2026-03-16 19:55,지연(의심),Sweet Potato,Fruits & Vegetables,946584945
P733004,182-4A1S-26-103,W03,13,13,정상,2026-03-16 19:55,2026-03-16 19:56,정상,Palm Oil,Oils & Fats,627957801
P733004,182-4B1S-13-602,W07,14,14,불일치,2026-03-16 19:57,2026-03-16 19:58,정상,Green Beans,Fruits & Vegetables,309962526
P733004,182-4C1S-10-301,W04,7,7,정상,2026-03-16 19:58,2026-03-16 19:59,정상,Grapes,Fruits & Vegetables,531515726
P733004,182-4A1S-26-405,W07,5,5,정상,2026-03-16 19:59,2026-03-16 20:00,정상,Halibut,Seafood,001198780
P733004,182-4C1S-26-201,W09,5,5,정상,2026-03-16 20:00,2026-03-16 20:01,정상,Greek Yogurt,Dairy,662688345
P733004,182-4A1S-20-204,W08,14,14,정상,2026-03-16 20:01,2026-03-16 20:02,정상,Chocolate Biscuit,Bakery,889770175
P733004,182-4C1S-29-206,W02,8,8,정상,2026-03-16 20:02,2026-03-16 20:07,지연(의심),Peanut Oil,Oils & Fats,106177581
P733004,182-4B1S-23-203,W10,13,13,불일치,2026-03-16 20:07,2026-03-16 20:08,정상,Mango,Fruits & Vegetables,100026494
P733004,182-4A1S-26-102,W08,10,10,정상,2026-03-16 20:08,2026-03-16 20:10,정상,Mushrooms,Fruits & Vegetables,729892512
P733004,182-4A1S-12-601,W10,21,21,정상,2026-03-16 20:10,2026-03-16 20:11,정상,Cod,Seafood,967740457
P733004,182-4B1S-24-304,W09,13,13,정상,2026-03-16 20:12,2026-03-16 20:13,정상,Herbal Tea,Beverages,192449890
P733004,182-4A1S-31-104,W01,27,27,정상,2026-03-16 20:13,2026-03-16 20:15,정상,Pomegranate,Fruits & Vegetables,985565323
P733004,182-4A1S-31-104,W04,6,6,정상,2026-03-16 20:15,2026-03-16 20:16,정상,Tuna,Seafood,314036234
P733004,182-4B1S-04-405,W09,19,19,불일치,2026-03-16 20:16,2026-03-16 20:17,정상,Bell Pepper,Fruits & Vegetables,641197804
P733004,182-4C1S-17-603,W06,18,18,정상,2026-03-16 20:17,2026-03-16 20:19,정상,Haddock,Seafood,456340679
P733004,182-4A1S-08-206,W04,23,23,정상,2026-03-16 20:19,2026-03-16 20:21,정상,Sour Cream,Dairy,020346209
P733004,182-4C1S-15-605,W06,6,6,정상,2026-03-16 20:21,2026-03-16 20:22,정상,Butter Biscuit,Bakery,986529569
P733004,182-4B1S-17-306,W03,11,11,정상,2026-03-16 20:22,2026-03-16 20:23,정상,Tilapia,Seafood,912573672
P733004,182-4B1S-04-505,W04,9,9,정상,2026-03-16 20:23,2026-03-16 20:24,정상,Canola Oil,Oils & Fats,770131553
P733004,182-4B1S-08-304,W07,23,23,정상,2026-03-16 20:24,2026-03-16 20:26,정상,Feta Cheese,Dairy,394490772
P733004,182-4B1S-29-205,W10,29,29,정상,2026-03-16 20:33,2026-03-16 20:35,정상,Lime,Fruits & Vegetables,293443658
P733004,182-4B1S-08-306,W07,11,11,불일치,2026-03-16 20:35,2026-03-16 20:36,정상,Strawberries,Fruits & Vegetables,800391261
P733004,182-4A1S-16-604,W07,10,11,불일치,2026-03-16 20:37,2026-03-16 20:38,정상,Arabica Coffee,Beverages,484146162
P733004,182-4C1S-14-103,W06,15,15,정상,2026-03-16 20:38,2026-03-16 20:39,정상,Halibut,Seafood,001198780
P733004,182-4C1S-14-304,W07,7,7,정상,2026-03-16 20:39,2026-03-16 20:40,정상,Zucchini,Fruits & Vegetables,638978088
P733004,182-4A1S-04-502,W07,10,10,정상,2026-03-16 20:40,2026-03-16 20:40,정상,Egg (Quail),Dairy,078343320
P733004,182-4B1S-10-405,W06,30,30,정상,2026-03-16 20:41,2026-03-16 20:43,정상,Black Rice,Grains & Pulses,705871204
P733004,182-4C1S-06-205,W09,28,28,정상,2026-03-16 20:43,2026-03-16 20:45,정상,Rice Flour,Grains & Pulses,117331756
P733004,182-4C1S-10-404,W09,8,8,정상,2026-03-16 20:45,2026-03-16 20:45,정상,Digestive Biscuit,Bakery,294366570
P733004,182-4C1S-22-201,W04,14,14,정상,2026-03-16 20:46,2026-03-16 20:47,정상,Digestive Biscuit,Bakery,896731543
P733004,182-4C1S-19-403,W07,23,22,불일치,2026-03-16 20:47,2026-03-16 20:52,지연(의심),Black Coffee,Beverages,148444138
P733004,182-4A1S-23-102,W04,14,14,정상,2026-03-16 20:52,2026-03-16 20:53,정상,Vegetable Oil,Oils & Fats,260318070
P733004,182-4A1S-13-205,W09,21,21,불일치,2026-03-16 20:53,2026-03-16 20:55,정상,Green Beans,Fruits & Vegetables,673824435
P733004,182-4A1S-18-503,W06,18,18,정상,2026-03-16 20:55,2026-03-16 20:56,정상,Coconut Sugar,Grains & Pulses,076176934
P733004,182-4A1S-19-301,W05,11,11,정상,2026-03-16 20:56,2026-03-16 20:57,정상,Arabica Coffee,Beverages,484146162
P733004,182-4B1S-31-105,W08,25,25,정상,2026-03-16 20:57,2026-03-16 20:59,정상,Buttermilk,Dairy,970934278
P733004,182-4B1S-10-105,W05,18,18,정상,2026-03-16 20:59,2026-03-16 21:01,정상,Haddock,Seafood,995614871
P733004,182-4B1S-23-101,W08,27,27,정상,2026-03-16 21:01,2026-03-16 21:02,정상,Raw Sugar,Grains & Pulses,925518504
P733004,182-4A1S-06-502,W05,24,24,정상,2026-03-16 21:02,2026-03-16 21:04,정상,Egg (Goose),Dairy,517616320
P733004,182-4A1S-13-206,W10,13,13,정상,2026-03-16 21:04,2026-03-16 21:05,정상,Onion,Fruits & Vegetables,469111159
P733004,182-4C1S-19-304,W08,19,20,불일치,2026-03-16 21:06,2026-03-16 21:07,정상,Cauliflower,Fruits & Vegetables,672486306
P733004,182-4A1S-14-506,W01,20,20,정상,2026-03-16 21:07,2026-03-16 21:08,정상,Olive Oil,Oils & Fats,333359140
P733004,182-4C1S-28-401,W01,10,10,정상,2026-03-16 21:09,2026-03-16 21:09,정상,Avocado Oil,Oils & Fats,866922312
P733004,182-4A1S-21-302,W07,26,26,정상,2026-03-16 21:10,2026-03-16 21:11,정상,Ricotta Cheese,Dairy,127145135
P733004,182-4A1S-15-203,W03,9,9,정상,2026-03-16 21:11,2026-03-16 21:12,정상,Cucumber,Fruits & Vegetables,669934234
P733004,182-4C1S-17-603,W10,16,15,불일치,2026-03-16 21:12,2026-03-16 21:14,정상,Trout,Seafood,030611344
P733004,182-4A1S-30-302,W05,12,12,정상,2026-03-16 21:14,2026-03-16 21:15,정상,Sesame Oil,Oils & Fats,763259093
P733004,182-4B1S-21-301,W10,15,15,불일치,2026-03-16 21:15,2026-03-16 21:16,정상,Zucchini,Fruits & Vegetables,809884653
P733004,182-4C1S-15-505,W03,16,16,정상,2026-03-16 21:16,2026-03-16 21:18,정상,Zucchini,Fruits & Vegetables,705347796
P733004,182-4B1S-30-204,W08,22,22,정상,2026-03-16 21:18,2026-03-16 21:23,지연(의심),Short Grain Rice,Grains & Pulses,293777040
P733004,182-4C1S-03-305,W04,5,5,정상,2026-03-16 21:23,2026-03-16 21:24,정상,Cottage Cheese,Dairy,803713695
P733004,182-4C1S-15-305,W07,19,19,정상,2026-03-16 21:24,2026-03-16 21:25,정상,Mango,Fruits & Vegetables,100026494
P733004,182-4C1S-08-406,W06,18,18,불일치,2026-03-16 21:25,2026-03-16 21:27,정상,Cauliflower,Fruits & Vegetables,376663902
P733004,182-4A1S-08-504,W08,29,29,정상,2026-03-16 21:27,2026-03-16 21:29,정상,Oatmeal Biscuit,Bakery,581826781
P733004,182-4B1S-03-405,W01,29,29,정상,2026-03-16 21:29,2026-03-16 21:31,정상,Bread Flour,Grains & Pulses,510690489
P733004,182-4C1S-05-504,W09,14,14,정상,2026-03-16 21:31,2026-03-16 21:32,정상,Grapes,Fruits & Vegetables,156793935
P733004,182-4C1S-04-101,W02,5,5,정상,2026-03-16 21:32,2026-03-16 21:37,지연(의심),Egg (Chicken),Dairy,954491286
P733004,182-4C1S-06-405,W10,18,18,정상,2026-03-16 21:37,2026-03-16 21:39,정상,Buttermilk,Dairy,035979488
P733004,182-4B1S-20-305,W02,30,30,정상,2026-03-16 21:39,2026-03-16 21:41,정상,Egg (Chicken),Dairy,843277787
P733004,182-4B1S-25-305,W03,17,17,정상,2026-03-16 21:41,2026-03-16 21:42,정상,Corn Oil,Oils & Fats,884080310
P733005,182-4A1S-03-504,W06,27,27,정상,2026-03-16 21:42,2026-03-16 21:44,정상,Egg (Chicken),Dairy,981480940
P733005,182-4B1S-25-202,W10,28,28,정상,2026-03-16 21:44,2026-03-16 21:46,정상,Sardines,Seafood,519349117
P733005,182-4A1S-10-604,W03,30,30,정상,2026-03-16 21:46,2026-03-16 21:48,정상,Whole Wheat Bread,Bakery,172746898
P733005,182-4B1S-02-203,W10,20,20,정상,2026-03-16 21:48,2026-03-16 21:50,정상,Avocado Oil,Oils & Fats,866922312
P733005,182-4C1S-28-506,W09,22,22,정상,2026-03-16 21:50,2026-03-16 21:52,정상,Pomegranate,Fruits & Vegetables,764017083
P733005,182-4C1S-23-104,W06,11,11,정상,2026-03-16 21:52,2026-03-16 21:53,정상,Digestive Biscuit,Bakery,938132419
P733005,182-4C1S-13-206,W01,5,5,정상,2026-03-16 21:53,2026-03-16 21:54,정상,Cream,Dairy,127989401
P733005,182-4B1S-10-401,W08,30,30,정상,2026-03-16 21:54,2026-03-16 21:56,정상,Sesame Oil,Oils & Fats,938150565
P733005,182-4C1S-28-604,W02,20,20,불일치,2026-03-16 21:56,2026-03-16 21:57,정상,Plum,Fruits & Vegetables,070741196
P733005,182-4B1S-22-105,W07,16,17,불일치,2026-03-16 21:57,2026-03-16 21:59,정상,Egg (Chicken),Dairy,409139772
P733005,182-4A1S-12-104,W10,7,7,정상,2026-03-16 21:59,2026-03-16 22:00,정상,Mozzarella Cheese,Dairy,877621317
P733005,182-4B1S-19-104,W07,12,12,정상,2026-03-16 22:00,2026-03-16 22:01,정상,Long Grain Rice,Grains & Pulses,842699130
P733005,182-4A1S-12-602,W07,26,26,정상,2026-03-16 22:01,2026-03-16 22:03,정상,Long Grain Rice,Grains & Pulses,353288392
P733005,182-4A1S-23-503,W04,6,6,정상,2026-03-16 22:03,2026-03-16 22:04,정상,Gouda Cheese,Dairy,705424269
P733005,182-4B1S-10-106,W05,16,16,정상,2026-03-16 22:04,2026-03-16 22:05,정상,Digestive Biscuit,Bakery,415383129
P733005,182-4B1S-26-604,W10,10,10,정상,2026-03-16 22:05,2026-03-16 22:06,정상,Sesame Oil,Oils & Fats,763259093
P733005,182-4C1S-12-406,W09,26,26,정상,2026-03-16 22:06,2026-03-16 22:08,정상,Sesame Oil,Oils & Fats,603115701
P733005,182-4B1S-27-205,W05,19,19,정상,2026-03-16 22:08,2026-03-16 22:10,정상,Rice Flour,Grains & Pulses,117331756
P733005,182-4C1S-29-205,W10,13,13,불일치,2026-03-16 22:10,2026-03-16 22:11,정상,Tomato,Fruits & Vegetables,990488310
P733005,182-4B1S-27-205,W02,26,26,정상,2026-03-16 22:11,2026-03-16 22:13,정상,White Tea,Beverages,134099040
P733005,182-4B1S-08-503,W04,27,27,정상,2026-03-16 22:13,2026-03-16 22:14,정상,Chocolate Biscuit,Bakery,823955070
P733005,182-4C1S-23-405,W08,18,18,정상,2026-03-16 22:15,2026-03-16 22:16,정상,White Tea,Beverages,786898958
P733005,182-4B1S-06-504,W10,13,13,정상,2026-03-16 22:16,2026-03-16 22:17,정상,Evaporated Milk,Dairy,629987250
P733005,182-4A1S-22-406,W01,29,29,정상,2026-03-16 22:18,2026-03-16 22:20,정상,Egg (Goose),Dairy,539302215
P733005,182-4C1S-28-206,W09,21,21,정상,2026-03-16 22:20,2026-03-16 22:21,정상,Cucumber,Fruits & Vegetables,038333577
P733005,182-4A1S-22-103,W06,7,7,정상,2026-03-16 22:21,2026-03-16 22:22,정상,Green Beans,Fruits & Vegetables,673824435
P733005,182-4A1S-22-302,W07,6,7,불일치,2026-03-16 22:22,2026-03-16 22:23,정상,Green Beans,Fruits & Vegetables,542813746
P733005,182-4B1S-29-601,W10,25,25,정상,2026-03-16 22:23,2026-03-16 22:25,정상,Apple,Fruits & Vegetables,148362894
P733005,182-4A1S-13-605,W06,26,26,정상,2026-03-16 22:25,2026-03-16 22:27,정상,Mango,Fruits & Vegetables,639188253
P733005,182-4B1S-02-306,W01,28,28,정상,2026-03-16 22:27,2026-03-16 22:28,정상,Milk,Dairy,204054865
P733005,182-4A1S-24-104,W04,23,23,정상,2026-03-16 22:29,2026-03-16 22:31,정상,Wild Rice,Grains & Pulses,804417249
P733005,182-4C1S-06-202,W03,20,20,정상,2026-03-16 22:31,2026-03-16 22:32,정상,White Sugar,Grains & Pulses,096182842
P733005,182-4B1S-31-602,W07,8,9,불일치,2026-03-16 22:32,2026-03-16 22:33,정상,Peanut Oil,Oils & Fats,118918213
P733005,182-4C1S-29-301,W07,11,11,정상,2026-03-16 22:33,2026-03-16 22:34,정상,Canola Oil,Oils & Fats,241434957
P733005,182-4A1S-20-104,W02,29,29,불일치,2026-03-16 22:35,2026-03-16 22:37,정상,Kale,Fruits & Vegetables,495267806
P733005,182-4B1S-25-501,W05,25,25,정상,2026-03-16 22:37,2026-03-16 22:38,정상,Peas,Fruits & Vegetables,110329778
P733005,182-4A1S-23-603,W04,5,5,정상,2026-03-16 22:39,2026-03-16 22:39,정상,Avocado Oil,Oils & Fats,866922312
P733005,182-4B1S-25-502,W03,23,23,정상,2026-03-16 22:39,2026-03-16 22:41,정상,Spinach,Fruits & Vegetables,290923453
P733005,182-4C1S-02-302,W04,10,10,정상,2026-03-16 22:41,2026-03-16 22:42,정상,Black Coffee,Beverages,385559147
P733005,182-4A1S-15-504,W09,28,28,정상,2026-03-16 22:42,2026-03-16 22:45,정상,Short Grain Rice,Grains & Pulses,199670632
P733005,182-4C1S-31-105,W04,14,14,정상,2026-03-16 22:45,2026-03-16 22:46,정상,Canola Oil,Oils & Fats,421349798
P733005,182-4B1S-13-105,W08,28,28,정상,2026-03-16 22:46,2026-03-16 22:48,정상,Pomegranate,Fruits & Vegetables,764017083
P733005,182-4B1S-18-605,W04,27,27,정상,2026-03-16 22:48,2026-03-16 22:50,정상,Black Rice,Grains & Pulses,450504720
P733005,182-4C1S-27-303,W05,23,24,불일치,2026-03-16 22:51,2026-03-16 22:53,정상,Brown Rice,Grains & Pulses,677256830
P733005,182-4A1S-17-106,W04,14,14,정상,2026-03-16 22:53,2026-03-16 22:54,정상,Palm Oil,Oils & Fats,663272821
P733005,182-4B1S-08-101,W06,28,28,정상,2026-03-16 22:54,2026-03-16 22:56,정상,Salmon,Seafood,568316199
P733005,182-4A1S-19-502,W09,10,10,정상,2026-03-16 22:56,2026-03-16 22:57,정상,Mackerel,Seafood,193775021
P733005,182-4B1S-31-103,W05,12,12,정상,2026-03-16 22:57,2026-03-16 22:59,정상,Cheese,Dairy,249726969
P733005,182-4B1S-13-603,W05,10,10,정상,2026-03-16 22:59,2026-03-16 23:00,정상,Green Tea,Beverages,852373505
P733005,182-4A1S-22-604,W02,25,24,불일치,2026-03-16 23:00,2026-03-16 23:02,정상,White Tea,Beverages,864826451
P733005,182-4A1S-03-602,W08,9,9,정상,2026-03-16 23:02,2026-03-16 23:03,정상,Mackerel,Seafood,336706797
P733005,182-4A1S-22-603,W07,8,9,불일치,2026-03-16 23:03,2026-03-16 23:04,비정상,Cauliflower,Fruits & Vegetables,672486306
